status,error,variant,revision_path,tree_mode,dataset,task,loss,alpha,size,seed,weight_mode,validation_weight_policy,n_train,n_val,n_test,n_features,fit_seconds,fit_repeat_seconds,tree_build_seconds,tree_build_repeat_seconds,tree_build_calls,tree_build_repeat_calls,tree_build_share,tree_build_ms_per_call,hist_seconds,hist_repeat_seconds,hist_calls,split_seconds,split_repeat_seconds,split_calls,leaf_seconds,leaf_repeat_seconds,leaf_calls,linear_leaf_seconds,linear_leaf_repeat_seconds,linear_leaf_calls,tree_other_seconds,tree_other_repeat_seconds,boost_seconds,best_iteration,primary_metric,primary_value,rmse,pinball,f1_macro,log_loss,weighted_rmse,weighted_pinball,weighted_f1_macro,weighted_log_loss
ok,,upstream_matched,/tmp/chimeraboost-upstream,,categorical_reg,regression,,,medium,0,none,upstream-compatible,6000,1500,2500,10,0.3099962080013938,0.828701999999;0.313944584021;0.309996208001;0.60499570801;0.995464416977,0.2558145708462689,0.344309329201;0.24213549518;0.255814570846;0.438850172824;0.931029675208,197,197;197;197;197;197,0.8252183873330434,1.2985511210470504,0.11969667169614695,0.146337238781;0.126616451686;0.119696671696;0.24125077721;0.421094693622,1182,0.08303552537108772,0.138796999818;0.0703407198016;0.0830355253711;0.141617330402;0.435172359605,1182,0.005593874986516312,0.0108517536719;0.00562324537896;0.00559387498652;0.00573957693996;0.00655155119603,197,0.0,0;0;0;0;0,0,0.04748849879251793,0.0483233369305;0.0395550783142;0.0474884987925;0.0502424882725;0.0682110707858,0.2827157974243164,172,rmse,2.5457974913976957,2.5457974913976957,,,,2.5457974913976957,,,
ok,,candidate_catboost,.,catboost,categorical_reg,regression,,,medium,0,none,upstream-compatible,6000,1500,2500,10,0.25926162500400096,0.450602500001;0.667620791995;0.259261625004;0.533643041999;0.463571458007,0.20746771214180626,0.181920251605;0.611812999443;0.207467712142;0.475406705867;0.379063201981,197,197;197;197;197;197,0.8002253019073092,1.0531355946284582,0.09494803225970827,0.0767501796654;0.31924897508;0.0949480322597;0.247436609468;0.159694640402,1182,0.06910815849551,0.0657159998082;0.221118934453;0.0691081584955;0.170520172251;0.154010700993,1182,0.005426627234555781,0.00958567109774;0.00630599798751;0.00542662723456;0.00600753794424;0.0065567586862,197,0.0,0;0;0;0;0,0,0.03798489415203221,0.029868401034;0.0651390919229;0.037984894152;0.0514423862041;0.058801101899,0.23067784309387207,172,rmse,2.5457974913976957,2.5457974913976957,,,,2.5457974913976957,,,
ok,,upstream_matched,/tmp/chimeraboost-upstream,,categorical_reg,regression,,,medium,0,stress,upstream-compatible,6000,1500,2500,10,0.28118499999982305,0.479959166987;0.281185;0.338788416993;0.29747416699;0.384813458018,0.2316379583789967,0.214220296213;0.231637958379;0.273912409728;0.244312840019;0.324265418749,220,220;220;220;220;220,0.8237920172809449,1.0528998108136214,0.11066843548906036,0.101559586299;0.110668435489;0.133756797208;0.114911814657;0.153950195207,1320,0.07576290689758025,0.0671015294502;0.0757629068976;0.0857184248162;0.0794156802876;0.109632334788,1320,0.005927461083047092,0.0101727931178;0.00592746108305;0.00615263314103;0.00587241296307;0.00636434112675,220,0.0,0;0;0;0;0,0,0.039279154909309,0.0353863873461;0.0392791549093;0.048284554563;0.0441129321116;0.0543185476272,0.2576591968536377,195,weighted_rmse,2.514127179138472,2.586671246437146,,,,2.514127179138472,,,
ok,,candidate_catboost,.,catboost,categorical_reg,regression,,,medium,0,stress,upstream-compatible,6000,1500,2500,10,0.2850963340024464,1.272266416;0.285096334002;0.285177625017;0.312772459001;0.296288624988,0.22802445114939474,0.875679277902;0.228024451149;0.232502001221;0.243000281829;0.226103841065,220,220;220;220;220;220,0.7998154446540098,1.0364747779517942,0.10831440892070532,0.423066321353;0.108314408921;0.116002645926;0.118091791053;0.107034937799,1320,0.06796239744289778,0.366466166364;0.0679623974429;0.0712734566769;0.0777156837867;0.0736857680895,1320,0.006305078917648643,0.0143008330488;0.00630507891765;0.00660349876853;0.00583400478354;0.00549687686726,220,0.0,0;0;0;0;0,0,0.04544256586814299,0.0718459571362;0.0454425658681;0.0386223998503;0.0413588022057;0.0398862583097,0.25462794303894043,195,weighted_rmse,2.514127179138472,2.586671246437146,,,,2.514127179138472,,,
ok,,upstream_matched,/tmp/chimeraboost-upstream,,categorical_reg,regression,,,medium,1,none,upstream-compatible,6000,1500,2500,10,0.20883441698970273,0.905215582985;0.20883441699;0.250822125003;0.554420417;0.528099415998,0.16223692303174175,0.647656625952;0.162236923032;0.205737341836;0.498716457136;0.41399792218,159,159;159;159;159;159,0.7768687047391302,1.020358006488942,0.07763150631217286,0.324700196303;0.0776315063122;0.105135928403;0.255311185581;0.210051086178,954,0.05209682128042914,0.255274669558;0.0520968212804;0.0641320233408;0.191654421564;0.142750197992,954,0.004322582914028317,0.00922499885201;0.00432258291403;0.0043180520006;0.00521237804787;0.00586362832109,159,0.0,0;0;0;0;0,0,0.028186012525111437,0.0584567612386;0.0281860125251;0.0321513380914;0.0465384719428;0.0553330096882,0.18027591705322266,134,rmse,2.5075247178207456,2.5075247178207456,,,,2.5075247178207456,,,
ok,,candidate_catboost,.,catboost,categorical_reg,regression,,,medium,1,none,upstream-compatible,6000,1500,2500,10,0.260339375003241,0.502058542013;0.51039845802;0.27108520802;0.274995874992;0.260339375003,0.21237693377770483,0.201064826717;0.455425622;0.211526836007;0.213179946091;0.212376933778,159,159;159;159;159;159,0.8157695460975157,1.3357039860233009,0.10482133075129241,0.097164635692;0.224836825888;0.0964584168687;0.103224498831;0.104821330751,954,0.06838283722754568,0.0632784594782;0.174900866143;0.0679430656601;0.0716509963677;0.0683828372275,954,0.004715582268545404,0.00843592401361;0.00585900177248;0.00504295298015;0.00508166156942;0.00471558226855,159,0.0,0;0;0;0;0,0,0.034457183530321345,0.0321858075331;0.0498289281968;0.0420824004977;0.0332227893232;0.0344571835303,0.23242592811584473,134,rmse,2.5075247178207456,2.5075247178207456,,,,2.5075247178207456,,,
ok,,upstream_matched,/tmp/chimeraboost-upstream,,categorical_reg,regression,,,medium,1,stress,upstream-compatible,6000,1500,2500,10,0.2908586660050787,0.515654749994;0.319992957986;0.349076792016;0.290858666005;0.326545791992,0.23601920300279744,0.266035377193;0.264932504186;0.285956752312;0.236019203003;0.262620624679,235,235;235;235;235;235,0.8114566646560784,1.0043370340544573,0.11059904334251769,0.121514534374;0.133519137104;0.143057248846;0.110599043343;0.122514306655,1410,0.07325015080277808,0.0928936277342;0.0801328134548;0.0879895471153;0.0732501508028;0.0740433929313,1410,0.006077214318793267,0.00991861979128;0.00759695452871;0.00668078867602;0.00607721431879;0.0085071187641,235,0.0,0;0;0;0;0,0,0.046092794538708404,0.041708595294;0.0436835990986;0.0482291676744;0.0460927945387;0.0575558063283,0.2664937973022461,210,weighted_rmse,2.4799117776326494,2.516976802094002,,,,2.4799117776326494,,,
ok,,candidate_catboost,.,catboost,categorical_reg,regression,,,medium,1,stress,upstream-compatible,6000,1500,2500,10,0.22395083401352167,0.532618291996;0.608058709011;0.320643000014;0.405312082992;0.223950834014,0.18164475719095208,0.277912587597;0.541932953027;0.261747339158;0.340584928956;0.181644757191,235,235;235;235;235;235,0.8110921220323956,0.7729564135785195,0.07975209393771365,0.134182274196;0.275941017986;0.123312148964;0.182295505918;0.0797520939377,1410,0.06652663831482641,0.0904839862487;0.197769252904;0.0867386443133;0.103873148852;0.0665266383148,1410,0.0055326678266283125,0.0106636631535;0.0097421251412;0.00632184496499;0.0064012548537;0.00553266782663,235,0.0,0;0;0;0;0,0,0.029833357111783698,0.0425826639985;0.0584805569961;0.045374700916;0.0480150193325;0.0298333571118,0.19971704483032227,210,weighted_rmse,2.4799117776326494,2.516976802094002,,,,2.4799117776326494,,,
ok,,upstream_matched,/tmp/chimeraboost-upstream,,categorical_reg,regression,,,medium,2,none,upstream-compatible,6000,1500,2500,10,0.2394249579811003,0.503038791998;0.239424957981;0.241008915997;0.357062708004;0.426044332999,0.1941274707496632,0.242320669;0.19412747075;0.193524314731;0.301130714186;0.366131915798,201,201;201;201;201;201,0.8108071622382291,0.9658083121873791,0.09377117623807862,0.109908185375;0.0937711762381;0.091055238765;0.139220375306;0.188700997591,1206,0.06011750811012462,0.0815458775323;0.0601175081101;0.0590503601416;0.111529006623;0.124503218394,1206,0.005076368077425286,0.0114663246495;0.00507636807743;0.0056942460651;0.0064491238154;0.00616386393085,201,0.0,0;0;0;0;0,0,0.03516241832403466,0.0394002814428;0.035162418324;0.0377244697593;0.0439322084421;0.0467638358823,0.21463823318481445,176,rmse,2.6492758138586234,2.6492758138586234,,,,2.6492758138586234,,,
ok,,candidate_catboost,.,catboost,categorical_reg,regression,,,medium,2,none,upstream-compatible,6000,1500,2500,10,0.22895941699971445,1.06242274999;0.410640542017;0.358023999986;0.228959417;0.677297124988,0.18359150417381898,0.736476748774;0.35293795701;0.297045757819;0.183591504174;0.62042345808,201,201;201;201;201;201,0.801851728046844,0.9133905680289501,0.08269957880838774,0.360326729366;0.160025094519;0.148954673234;0.0826995788084;0.334668006137,1206,0.058659809903474525,0.297801380308;0.137918614026;0.0972815858549;0.0586598099035;0.228922283481,1206,0.005151959747308865,0.0136000780039;0.00633741077036;0.0058310800232;0.00515195974731;0.00575658620801,201,0.0,0;0;0;0;0,0,0.037080155714647844,0.0647485610971;0.0486568376946;0.0449784187076;0.0370801557146;0.0510765822546,0.20357513427734375,176,rmse,2.6492758138586234,2.6492758138586234,,,,2.6492758138586234,,,
ok,,upstream_matched,/tmp/chimeraboost-upstream,,categorical_reg,regression,,,medium,2,stress,upstream-compatible,6000,1500,2500,10,0.2756334170117043,0.739243582997;0.275633417012;0.736710375;0.31350595798;0.568585791014,0.22235904599074274,0.455932868965;0.222359045991;0.669910995231;0.25206675395;0.497213082301,218,218;218;218;218;218,0.8067202025119496,1.0199956238107466,0.10685928995371796,0.226870425919;0.106859289954;0.355782238737;0.120843982062;0.261249870207,1308,0.06899748416617513,0.168557789584;0.0689974841662;0.246885142289;0.0728813599271;0.155447601806,1308,0.005753424396971241,0.0106934130599;0.00575342439697;0.00700342498021;0.0071814628318;0.00739299500128,218,0.0,0;0;0;0;0,0,0.04074884747387841,0.0498112404021;0.0407488474739;0.0602401892247;0.0511599491292;0.0731226152857,0.24823999404907227,193,weighted_rmse,2.608317958155182,2.6686413077025737,,,,2.608317958155182,,,
ok,,candidate_catboost,.,catboost,categorical_reg,regression,,,medium,2,stress,upstream-compatible,6000,1500,2500,10,0.3199766250036191,0.775961833016;0.426288582996;0.446796208009;0.319976625004;0.729266500013,0.2551042458799202,0.46339358305;0.346395825967;0.379153254093;0.25510424588;0.65969662604,218,218;218;218;218;218,0.7972590056446618,1.1702029627519275,0.12515111672109924,0.215096013999;0.171530746185;0.191617999779;0.125151116721;0.263634132541,1308,0.07404494140064344,0.168379468611;0.119779237313;0.120501083205;0.0740449414006;0.319357005967,1308,0.006550671765580773,0.0141055379936;0.0068034150172;0.00682670521201;0.00655067176558;0.00747312934254,218,0.0,0;0;0;0;0,0,0.049357515992596745,0.0658125624468;0.0482824274513;0.0602074658964;0.0493575159926;0.0692323581898,0.2871880531311035,193,weighted_rmse,2.608317958155182,2.6686413077025737,,,,2.608317958155182,,,
ok,,upstream_matched,/tmp/chimeraboost-upstream,,categorical_reg,regression,,,medium,3,none,upstream-compatible,6000,1500,2500,10,0.22649829200236127,0.430091916991;0.323776667006;0.375021042011;0.226498292002;0.777193708986,0.18275266978889704,0.185149376019;0.270591251989;0.313389747258;0.182752669789;0.720428710047,188,188;188;188;188;188,0.8068611386570271,0.9720886690898779,0.08640844319597818,0.0859330121893;0.1356500166;0.171868590201;0.086408443196;0.39399658193,1128,0.05672772118123248,0.0607301803248;0.0831735337852;0.0939790929551;0.0567277211812;0.267534919258,1128,0.004993460839614272,0.00830512997345;0.00559829507256;0.00548508702195;0.00499346083961;0.00664971102378,188,0.0,0;0;0;0;0,0,0.034623044572072104,0.0301810535311;0.0461694065307;0.0420569770795;0.0346230445721;0.0522474978352,0.20236420631408691,163,rmse,2.517855743805085,2.517855743805085,,,,2.517855743805085,,,
ok,,candidate_catboost,.,catboost,categorical_reg,regression,,,medium,3,none,upstream-compatible,6000,1500,2500,10,0.24234629201237112,0.522273833019;0.534039083985;0.43554229202;0.242346292012;0.389037959016,0.19412313523935154,0.226216414012;0.478488755121;0.37325984388;0.194123135239;0.337537007086,188,188;188;188;188;188,0.8010154957495371,1.032569868294423,0.0884207685594447,0.104664312705;0.251447997725;0.159838325984;0.0884207685594;0.161812981794,1128,0.06323982012690976,0.0752010030556;0.169635579165;0.15355012592;0.0632398201269;0.122033787862,1128,0.004977623029844835,0.00921133119846;0.00610959003097;0.00997589391773;0.00497762302984;0.00573066491052,188,0.0,0;0;0;0;0,0,0.03748492352315225,0.0371397670533;0.0512955882004;0.0498954980576;0.0374849235232;0.0479595725192,0.214555025100708,163,rmse,2.517855743805085,2.517855743805085,,,,2.517855743805085,,,
ok,,upstream_matched,/tmp/chimeraboost-upstream,,categorical_reg,regression,,,medium,3,stress,upstream-compatible,6000,1500,2500,10,0.38196204201085493,0.720745583007;0.381962042011;0.413127584005;0.871437624999;0.446281416022,0.321205537969945,0.368992580828;0.32120553797;0.344514412951;0.795684298966;0.378677881032,232,232;232;232;232;232,0.8409357544507439,1.3845066291807975,0.1580647860537283,0.170926024352;0.158064786054;0.178688064072;0.41289257363;0.186502227938,1392,0.10528805415378883,0.12644957981;0.105288054154;0.0971975823632;0.306630110135;0.120755515876,1392,0.006610913173062727,0.0138811639335;0.00661091317306;0.00717874834663;0.00799888093024;0.00727232501958,232,0.0,0;0;0;0;0,0,0.051241784589365125,0.0577358127339;0.0512417845894;0.0614500181691;0.068162734271;0.0641478121979,0.355938196182251,207,weighted_rmse,2.5119512591838213,2.533636652299402,,,,2.5119512591838213,,,
ok,,candidate_catboost,.,catboost,categorical_reg,regression,,,medium,3,stress,upstream-compatible,6000,1500,2500,10,0.30456612500711344,1.31448325;0.549660749995;0.505790333002;0.890653666982;0.304566125007,0.24904599980800413,0.917499080999;0.474901252863;0.435102342715;0.822869827069;0.249045999808,232,232;232;232;232;232,0.8177074840551865,1.073474137103466,0.1187363701465074,0.43632989141;0.23901964887;0.253432600264;0.419817091431;0.118736370147,1392,0.07902774721151218,0.387311124941;0.157684460515;0.12289964399;0.330983939057;0.0790277472115,1392,0.006580914807273075,0.015899156162;0.00960526010022;0.00698332700995;0.007321243349;0.00658091480727,232,0.0,0;0;0;0;0,0,0.044700967642711475,0.077958908485;0.0685918833769;0.0517867714516;0.0647475532314;0.0447009676427,0.279461145401001,207,weighted_rmse,2.5119512591838213,2.533636652299402,,,,2.5119512591838213,,,
ok,,upstream_matched,/tmp/chimeraboost-upstream,,categorical_reg,regression,,,medium,4,none,upstream-compatible,6000,1500,2500,10,0.43640729199978523,1.31433187501;1.77931170899;0.454386957979;0.436407292;0.483647333022,0.37096146409749053,0.683012082067;1.70447374982;0.383546407189;0.370961464097;0.407588715083,168,168;168;168;168;168,0.8500349808492043,2.2081039529612534,0.19207240303512663,0.290978759003;0.910067588877;0.197742929799;0.192072403035;0.195509033307,1008,0.11677300735027529,0.321001768461;0.714017145743;0.128805846121;0.11677300735;0.145128528588,1008,0.00595503713702783,0.012045050069;0.00651520522661;0.00584854395129;0.00595503713703;0.00606916280231,168,0.0,0;0;0;0;0,0,0.056161016575060785,0.0589865045331;0.0738738099753;0.0511490873178;0.0561610165751;0.0608819903864,0.4017200469970703,143,rmse,2.593607235289874,2.593607235289874,,,,2.593607235289874,,,
ok,,candidate_catboost,.,catboost,categorical_reg,regression,,,medium,4,none,upstream-compatible,6000,1500,2500,10,0.21067604099516757,0.453400416998;0.858506416989;0.210676040995;0.282648583991;0.538749957981,0.1665621180436574,0.171222337114;0.800608839956;0.166562118044;0.235958041943;0.480630165752,168,168;168;168;168;168,0.7906077846197895,0.991441178831294,0.0743887156713754,0.0745688708848;0.416967307829;0.0743887156714;0.115001827275;0.246013880678,1008,0.055602609732886776,0.0584148968919;0.326077475824;0.0556026097329;0.0789356351888;0.184077057551,1008,0.004297751293051988,0.00798354009748;0.00602133685607;0.00429775129305;0.00479004791123;0.00533408718184,168,0.0,0;0;0;0;0,0,0.032273041346343234,0.0302550292399;0.0515427194478;0.0322730413463;0.0372305315686;0.0452051403408,0.1833353042602539,143,rmse,2.593607235289874,2.593607235289874,,,,2.593607235289874,,,
ok,,upstream_matched,/tmp/chimeraboost-upstream,,categorical_reg,regression,,,medium,4,stress,upstream-compatible,6000,1500,2500,10,0.3370700000086799,1.58340425001;0.344495124999;0.576344250003;0.337070000009;0.806528124987,0.27832270262297243,0.945729911706;0.280808543757;0.501674879371;0.278322702623;0.745784704864,241,241;241;241;241;241,0.8257118776984167,1.1548659859874375,0.1357293564651627,0.474235750444;0.139430465439;0.26529784064;0.135729356465;0.346557422134,1446,0.09440543339587748,0.372145392117;0.0878726249794;0.158215042757;0.0944054333959;0.324021309993,1446,0.006556462758453563,0.0332583248382;0.00698550607194;0.00774457512307;0.00655646275845;0.00930850388249,241,0.0,0;0;0;0;0,0,0.041631450003478676,0.0660904443066;0.0465199472674;0.0704174208513;0.0416314500035;0.0658974688558,0.30530500411987305,216,weighted_rmse,2.58622906664911,2.646700623072115,,,,2.58622906664911,,,
ok,,candidate_catboost,.,catboost,categorical_reg,regression,,,medium,4,stress,upstream-compatible,6000,1500,2500,10,0.3855324999894947,0.515539166983;0.819134499994;0.385532499989;0.732986333023;0.991492625006,0.31246249881223775,0.253247493005;0.74502661897;0.312462498812;0.65180163167;0.909837297106,241,241;241;241;241;241,0.8104699313825735,1.2965248913370861,0.15393538144417107,0.120416823047;0.38386517574;0.153935381444;0.347579631751;0.478269417596,1446,0.09798378602135926,0.0780874406337;0.27288583928;0.0979837860214;0.226467679458;0.34545346821,1446,0.007198466046247631,0.0111537878984;0.00855433483957;0.00719846604625;0.00837474659784;0.0093727899075,241,0.0,0;0;0;0;0,0,0.05334486530045979,0.0435894414259;0.0797212691105;0.0533448653005;0.0693795738625;0.076741621393,0.3557620048522949,216,weighted_rmse,2.58622906664911,2.646700623072115,,,,2.58622906664911,,,
ok,,upstream_matched,/tmp/chimeraboost-upstream,,categorical_binary,binary,,,medium,0,none,upstream-compatible,6000,1500,2500,9,0.20840062497882172,0.476924874994;0.208400624979;0.313459167024;0.303465332981;0.542882750015,0.13712779301567934,0.179205415043;0.137127793016;0.226938044012;0.203442335041;0.373042131978,100,100;100;100;100;100,0.6580008722604103,1.3712779301567934,0.05641668915632181,0.0626680585847;0.0564166891563;0.0959515139402;0.0914008738473;0.170364042569,600,0.03207170608220622,0.0461107958981;0.0320717060822;0.0709967910079;0.0525411420676;0.136504583759,600,0.0025996249460149556,0.00724286894547;0.00259962494601;0.00307983477251;0.00287170978845;0.00326695508556,100,0.023444753140211105,0.0385627512296;0.0234447531402;0.0255033361318;0.0268225779873;0.02594400011,100,0.022595019690925255,0.0246209403849;0.0225950196909;0.0314065681596;0.0298060313507;0.0369625504536,0.17350101470947266,75,log_loss,0.2546494600995614,,,0.8852937397911429,0.2546494600995614,,,0.8852937397911429,0.2546494600995614
ok,,candidate_catboost,.,catboost,categorical_binary,binary,,,medium,0,none,upstream-compatible,6000,1500,2500,9,0.26047091602231376,0.430445584003;0.407759875001;0.622263375;0.260470916022;0.493921040994,0.17817728995578364,0.140986414073;0.30224362202;0.457525079051;0.178177289956;0.368843628035,100,100;100;100;100;100,0.6840582920993749,1.7817728995578364,0.06898772018030286,0.043610522087;0.140875610436;0.224733707437;0.0689877201803;0.141316119145,600,0.05030258494662121,0.0359717079555;0.103048533289;0.159483628406;0.0503025849466;0.151504668902,600,0.003227245935704559,0.00693828589283;0.0042274245352;0.00479550097953;0.0032272459357;0.00377883401234,100,0.026048420055303723,0.03487041482;0.0248641271319;0.0262020450609;0.0260484200553;0.0326705451298,100,0.029611318837851286,0.019595483318;0.0292279266287;0.0423101971683;0.0296113188379;0.0395734608464,0.22692203521728516,75,log_loss,0.2546494600995614,,,0.8852937397911429,0.2546494600995614,,,0.8852937397911429,0.2546494600995614
ok,,upstream_matched,/tmp/chimeraboost-upstream,,categorical_binary,binary,,,medium,0,stress,upstream-compatible,6000,1500,2500,9,0.22920012500253506,0.495384999987;0.248315415985;0.229200125003;0.366322042013;0.231142917008,0.15151075593894348,0.197508997051;0.178054998978;0.151510755939;0.178080871061;0.158084408031,109,109;109;109;109;109,0.6610413320554153,1.390006935219665,0.054861968557816,0.0688562829746;0.0813447470136;0.0548619685578;0.0797598886129;0.0685177012056,654,0.03959327863412909,0.0543634308851;0.0411353010568;0.0395932786341;0.0422736756154;0.0369644541934,654,0.002790748927509412,0.00739403921762;0.0028443740739;0.00279074892751;0.00286478787893;0.00276300305268,109,0.030762449750909582,0.0407482508745;0.0252318368584;0.0307624497509;0.0277633379737;0.0251430011122,109,0.02350231006857939,0.0261469930992;0.0274987399753;0.0235023100686;0.02541918098;0.0246962484671,0.19006896018981934,84,weighted_log_loss,0.2614276974900795,,,0.885020653215952,0.2632922310695483,,,0.8896360433156508,0.2614276974900795
ok,,candidate_catboost,.,catboost,categorical_binary,binary,,,medium,0,stress,upstream-compatible,6000,1500,2500,9,0.22737725000479259,0.415049709001;0.562706583005;0.304543334001;0.227377250005;0.560928666004,0.15495716311852448,0.142494329019;0.398567333032;0.212950454006;0.154957163119;0.409203508811,109,109;109;109;109;109,0.6814980967324494,1.4216253497112337,0.05745150655275211,0.0462577603466;0.187661653181;0.0929658581445;0.0574515065528;0.171446203225,654,0.0422008401947096,0.0360534124193;0.14633185885;0.0631592419522;0.0422008401947;0.163815791107,654,0.0028934970032423735,0.00662707485026;0.00347649698961;0.00309466701583;0.00289349700324;0.00352766708238,109,0.02548979304265231,0.0357500451501;0.0275107509224;0.0257222080836;0.0254897930427;0.028552126023,109,0.026921526325168088,0.0178060362523;0.0335865730885;0.0280084788101;0.0269215263252;0.0418617213727,0.19548702239990234,84,weighted_log_loss,0.2614276974900795,,,0.885020653215952,0.2632922310695483,,,0.8896360433156508,0.2614276974900795
ok,,upstream_matched,/tmp/chimeraboost-upstream,,categorical_binary,binary,,,medium,1,none,upstream-compatible,6000,1500,2500,9,0.181704541988438,0.477406165999;0.207020083006;0.348810041993;0.333696457994;0.181704541988,0.12145508281537332,0.19849321022;0.141833250178;0.241168625042;0.214918370039;0.121455082815,103,103;103;103;103;103,0.6684207311840428,1.179175561314304,0.04523799498565495,0.0767491633014;0.0530222272791;0.124535193288;0.09860807308;0.0452379949857,618,0.031875963672064245,0.0508232520078;0.0421171725611;0.0610773192893;0.0575354553293;0.0318759636721,618,0.002452540909871459,0.00862879201304;0.00277558114612;0.00288787487079;0.00293832892203;0.00245254090987,103,0.021977956144837663,0.0372767569497;0.0220974189288;0.0228212910297;0.025121413928;0.0219779561448,103,0.019910627102945,0.0250152459485;0.0218208502629;0.0298469465633;0.0307150987792;0.0199106271029,0.1522676944732666,78,log_loss,0.259795650437754,,,0.8844866189299369,0.259795650437754,,,0.8844866189299369,0.259795650437754
ok,,candidate_catboost,.,catboost,categorical_binary,binary,,,medium,1,none,upstream-compatible,6000,1500,2500,9,0.17104920800193213,0.447072874987;0.358671791997;0.371332166978;0.173564500001;0.171049208002,0.11342333990614861,0.165876791871;0.277528880048;0.260551171901;0.114636669867;0.113423339906,103,103;103;103;103;103,0.663103566693319,1.1011974748169768,0.040788786980556324,0.0516065930133;0.115692131512;0.128607536841;0.0441839478444;0.0407887869806,618,0.029269038990605623,0.0462894040393;0.104041865066;0.0782794951811;0.0277610689518;0.0292690389906,618,0.0025433381961192936,0.00918358608033;0.0026904080587;0.00285799495759;0.00242166608223;0.00254333819612,103,0.021711453184252605,0.0358705449325;0.0261659599491;0.0228841230564;0.0212548739219;0.0217114531843,103,0.019110722554614767,0.0229266638053;0.028938515461;0.0279220218654;0.0190151130664;0.0191107225546,0.14204907417297363,78,log_loss,0.259795650437754,,,0.8844866189299369,0.259795650437754,,,0.8844866189299369,0.259795650437754
ok,,upstream_matched,/tmp/chimeraboost-upstream,,categorical_binary,binary,,,medium,1,stress,upstream-compatible,6000,1500,2500,9,0.29008041697670706,0.650982958003;0.290080416977;0.371608459012;0.56661566699;0.309559457994,0.19047383897122927,0.210455585795;0.190473838971;0.279995122779;0.411893540208;0.182311201876,110,110;110;110;110;110,0.6566242594257026,1.7315803542839026,0.07891635585110635,0.0822036181926;0.0789163558511;0.113982964715;0.17272628643;0.0718795500288,660,0.05087156928493641,0.0535319970804;0.0508715692849;0.10752650135;0.168110984057;0.0496836350067,660,0.003170501091517508,0.00782400602475;0.00317050109152;0.00331962207565;0.0041839570622;0.00322592296288,110,0.027003044029697776,0.0387690039352;0.0270030440297;0.0262844218814;0.0281152100652;0.0285992950376,110,0.030512368713971227,0.0281269605621;0.030512368714;0.0288816127577;0.0387571025931;0.0289227988396,0.2428607940673828,85,weighted_log_loss,0.26263013911452465,,,0.8821915513016525,0.25931114220639934,,,0.8836060677829494,0.26263013911452465
ok,,candidate_catboost,.,catboost,categorical_binary,binary,,,medium,1,stress,upstream-compatible,6000,1500,2500,9,0.21351324999704957,0.472587625001;0.304547417007;0.291223959008;0.272728917014;0.213513249997,0.14035579201299697,0.184603292961;0.217392128194;0.179116252111;0.19218745784;0.140355792013,110,110;110;110;110;110,0.6573633814994455,1.2759617455726997,0.0542818350950256,0.0635391707765;0.0931779462553;0.0707296050387;0.0705031742982;0.054281835095,660,0.03726265416480601,0.0524264016713;0.0643583796918;0.0539065353223;0.0602109857136;0.0372626541648,660,0.002714540984015912,0.00615645982907;0.00295824409113;0.00354095298098;0.00328537099995;0.00271454098402,110,0.023511748004239053,0.0393218308745;0.0303519561712;0.0244967899926;0.0259516731894;0.0235117480042,110,0.0225850137649104,0.0231594298093;0.0265456019843;0.0264423687768;0.032236253639;0.0225850137649,0.1780397891998291,85,weighted_log_loss,0.26263013911452465,,,0.8821915513016525,0.25931114220639934,,,0.8836060677829494,0.26263013911452465
ok,,upstream_matched,/tmp/chimeraboost-upstream,,categorical_binary,binary,,,medium,2,none,upstream-compatible,6000,1500,2500,9,0.21371304101194255,0.822158499999;0.259815958008;0.213713041012;0.288853207981;0.340543875005,0.1507060020812787,0.454520913045;0.174465379154;0.150706002081;0.206261754211;0.247958080261,123,123;123;123;123;123,0.7051792504925194,1.2252520494412904,0.0568903662788216,0.194328244368;0.0676003251574;0.0568903662788;0.0804145790171;0.115204677335,738,0.037969093333231285,0.153987814119;0.0469427948992;0.0379690933332;0.0590298704337;0.0669566577417,738,0.0030677900358568877,0.0067775810312;0.00344754793332;0.00306779003586;0.00355124802445;0.00340766867157,123,0.02846650723950006,0.0502620008774;0.030166293931;0.0284665072395;0.0317283748882;0.0307580807421,123,0.024312245193868876,0.0491652726487;0.0263084172329;0.0243122451939;0.0315376818471;0.0316309957707,0.18676280975341797,98,log_loss,0.28944761256722984,,,0.8604809431784565,0.28944761256722984,,,0.8604809431784565,0.28944761256722984
ok,,candidate_catboost,.,catboost,categorical_binary,binary,,,medium,2,none,upstream-compatible,6000,1500,2500,9,0.30409925000276417,0.445534625003;0.359990291996;0.304099250003;0.304596083006;0.312782958004,0.18758724606595933,0.163645919034;0.257984042692;0.187587246066;0.212568622024;0.209031205304,123,123;123;123;123;123,0.616861916181162,1.5250995615118645,0.0711307006131392,0.0550170820788;0.100315503165;0.0711307006131;0.0858457910945;0.0860643686901,738,0.052494211500743404,0.0407179257018;0.0867631103029;0.0524942115007;0.0590523716237;0.060067406157,738,0.0031387530034407973,0.00726199886412;0.00369878794299;0.00313875300344;0.00357987906318;0.00325171186705,123,0.032966166094411165,0.0394089150068;0.032750551909;0.0329661660944;0.0329565010034;0.0314644548052,123,0.02785741485422477,0.0212399973825;0.0344560893718;0.0278574148542;0.0311340792396;0.0281832637847,0.25336122512817383,98,log_loss,0.28944761256722984,,,0.8604809431784565,0.28944761256722984,,,0.8604809431784565,0.28944761256722984
ok,,upstream_matched,/tmp/chimeraboost-upstream,,categorical_binary,binary,,,medium,2,stress,upstream-compatible,6000,1500,2500,9,0.21362212498206645,0.798544207995;0.274291834008;0.327388083009;0.263461124996;0.213622124982,0.13959391496609896,0.414440341061;0.176434666122;0.225316500902;0.172141339921;0.139593914966,104,104;104;104;104;104,0.6534618779670779,1.3422491823663363,0.049549915274837986,0.17914046871;0.0711678755761;0.0930012097815;0.0676712525892;0.0495499152748,624,0.03944730808143504,0.144868683798;0.047889270907;0.0738036937837;0.0460844619956;0.0394473080814,624,0.0026432471931912005,0.0083670897875;0.00323133333586;0.0031379648135;0.00328687363071;0.00264324719319,104,0.024995535175548866,0.0423293359054;0.0266957929416;0.026197789266;0.0288595401507;0.0249955351755,104,0.022957909241085872,0.0397347628605;0.0274503933615;0.0291758432577;0.0262392115546;0.0229579092411,0.17942595481872559,79,weighted_log_loss,0.2895819352944617,,,0.8673858894342706,0.29136321050424296,,,0.8698027582002109,0.2895819352944617
ok,,candidate_catboost,.,catboost,categorical_binary,binary,,,medium,2,stress,upstream-compatible,6000,1500,2500,9,0.24442025000462309,0.420776374987;0.273114375013;0.405471416016;0.244420250005;0.282221375004,0.159118831041269,0.134976209025;0.199267342949;0.294690376031;0.159118831041;0.189557628968,104,104;104;104;104;104,0.651005107139279,1.529988760012202,0.05731324199587107,0.0451495451271;0.0920591293543;0.132352500106;0.0573132419959;0.0724124454136,624,0.04894849975244142,0.0326201518183;0.0544899069937;0.0965512231924;0.0489484997524;0.055365119566,624,0.002752420143224299,0.00517829405726;0.00317858604831;0.00339837404317;0.00275242014322;0.00351141500869,104,0.025378744961926714,0.034600414976;0.024996586988;0.0302634550317;0.0253787449619;0.0281191620161,104,0.024725924187805504,0.0174278030463;0.0245431335643;0.0321248236578;0.0247259241878;0.0301494869636,0.202178955078125,79,weighted_log_loss,0.2895819352944617,,,0.8673858894342706,0.29136321050424296,,,0.8698027582002109,0.2895819352944617
ok,,upstream_matched,/tmp/chimeraboost-upstream,,categorical_binary,binary,,,medium,3,none,upstream-compatible,6000,1500,2500,9,0.20008325000526384,0.496402624995;0.35177483299;0.279707749985;0.200083250005;0.222421874991,0.13139024810516275,0.151733459177;0.245862874144;0.182301129971;0.131390248105;0.152508503059,103,103;103;103;103;103,0.6566778983333493,1.275633476749153,0.049734753207303584,0.0520417579392;0.107911122555;0.0813904527167;0.0497347532073;0.0562560053368,618,0.03537174148368649,0.0357761486957;0.0787018792762;0.0460645068379;0.0353717414837;0.040211115178,618,0.00253612213418819,0.00705204199767;0.00334611799917;0.00298116618069;0.00253612213419;0.00321524799801,103,0.023123042104998603,0.0353803730686;0.0243937859486;0.0243485830724;0.023123042105;0.0248904179898,103,0.020624589174985886,0.021483137476;0.0315099683648;0.0275164211635;0.020624589175;0.0279357165564,0.16878485679626465,78,log_loss,0.27060672550821935,,,0.8764501814901381,0.27060672550821935,,,0.8764501814901381,0.27060672550821935
ok,,candidate_catboost,.,catboost,categorical_binary,binary,,,medium,3,none,upstream-compatible,6000,1500,2500,9,0.24475004099076614,0.431397833017;0.907050290989;0.414359250019;0.244750040991;0.258563792013,0.16865237680030987,0.157721748983;0.675410327007;0.291661579977;0.1686523768;0.179197209218,103,103;103;103;103;103,0.6890800758095592,1.6374017165078627,0.06825845435378142,0.0581719076145;0.256200914067;0.128797471232;0.0682584543538;0.0683557390294,618,0.04439985370845534,0.0356017672748;0.357311877829;0.101452390954;0.0443998537085;0.053312495118,618,0.0032527940929867327,0.00724199606339;0.00732533304836;0.00323308110819;0.00325279409299;0.00294399491395,103,0.02643503696890548,0.0369073279726;0.0239070049138;0.0250264590723;0.0264350369689;0.0250817489868,103,0.0263062376761809,0.0197987500578;0.0306651971478;0.0331521776097;0.0263062376762;0.0295032311697,0.20846796035766602,78,log_loss,0.27060672550821935,,,0.8764501814901381,0.27060672550821935,,,0.8764501814901381,0.27060672550821935
ok,,upstream_matched,/tmp/chimeraboost-upstream,,categorical_binary,binary,,,medium,3,stress,upstream-compatible,6000,1500,2500,9,0.20231674998649396,0.609864792001;0.284501041024;0.318329667003;0.43741391701;0.202316749986,0.1396055879886262,0.293558747275;0.205021282891;0.231171878258;0.322484212782;0.139605587989,165,165;165;165;165;165,0.6900347499549387,0.8460944726583407,0.04727506361086853,0.114024795213;0.0773430338304;0.0868080733053;0.149386974459;0.0472750636109,990,0.04406672570621595,0.0808149446966;0.0513488306897;0.0623936234042;0.0874512486917;0.0440667257062,990,0.0032913712493609637,0.00821316707879;0.00456996180583;0.0041941239615;0.00449820407084;0.00329137124936,165,0.026584249135339633,0.0545724622207;0.0390092131274;0.0387797089643;0.0387582540279;0.0265842491353,165,0.01838817828684114,0.0359333780652;0.0327502434375;0.0389963486232;0.0423895315325;0.0183881782868,0.16929316520690918,140,weighted_log_loss,0.2816458926052271,,,0.8724807568951828,0.2768078690957567,,,0.8728872363544202,0.2816458926052271
ok,,candidate_catboost,.,catboost,categorical_binary,binary,,,medium,3,stress,upstream-compatible,6000,1500,2500,9,0.2907862089923583,0.532807500014;0.768675500003;0.661828332988;0.290786208992;0.397247124987,0.20165791010367684,0.219632918946;0.478562206205;0.497977290041;0.201657910104;0.292128585075,165,165;165;165;165;165,0.6934920015721113,1.222169152143496,0.07499030034523457,0.0741601227201;0.195404705213;0.23448500238;0.0749903003452;0.121507294243,990,0.05076144484337419,0.0549447822268;0.197342620406;0.154020884598;0.0507614448434;0.0817791571317,990,0.004107832122826949,0.00781763516716;0.00478650289006;0.00507533102063;0.00410783212283;0.00483633606927,165,0.03809296220424585,0.0524145789968;0.0403243298933;0.0457038790046;0.0380929622042;0.0411997940391,165,0.033705370587995276,0.0302957998356;0.0407040478021;0.0586921930371;0.033705370588;0.042806003592,0.25599074363708496,140,weighted_log_loss,0.2816458926052271,,,0.8724807568951828,0.2768078690957567,,,0.8728872363544202,0.2816458926052271
ok,,upstream_matched,/tmp/chimeraboost-upstream,,categorical_binary,binary,,,medium,4,none,upstream-compatible,6000,1500,2500,9,0.21761200000764802,0.558468290983;0.230092832993;0.217612000008;0.265094875009;0.290678207995,0.15025495804729871,0.254212868749;0.161335788929;0.150254958047;0.188020919915;0.189793037833,110,110;110;110;110;110,0.6904718399813337,1.365954164066352,0.05907496501458809,0.0880828412191;0.0639209920773;0.0590749650146;0.0730056517641;0.0790181092161,660,0.04055649883230217,0.0887927310541;0.0461115257058;0.0405564988323;0.056129463017;0.0478689571901,660,0.002794288069708273,0.00743570600753;0.00287916278467;0.00279428806971;0.00315591078834;0.00326654402306,110,0.024961168062873185,0.0401032468362;0.025346082024;0.0249611680629;0.0276025001076;0.0305359201448,110,0.022868038067827,0.0297983436321;0.0230780263373;0.0228680380678;0.0281273942383;0.0291035072587,0.18478083610534668,85,log_loss,0.2810080664790739,,,0.8638852879488228,0.2810080664790739,,,0.8638852879488228,0.2810080664790739
ok,,candidate_catboost,.,catboost,categorical_binary,binary,,,medium,4,none,upstream-compatible,6000,1500,2500,9,0.20819887501420453,0.485892958008;0.582880041999;0.208198875014;0.22283754198;0.226515042013,0.1353173351380974,0.180264418974;0.40229774802;0.135317335138;0.147355382011;0.148738870834,110,110;110;110;110;110,0.6499426816252742,1.2301575921645218,0.050552376196719706,0.0643733733159;0.191718119138;0.0505523761967;0.0552198626392;0.0543247885071,660,0.03490729272016324,0.0468374596967;0.150282126066;0.0349072927202;0.03892531374;0.0417132434377,660,0.002691713976673782,0.00615854514763;0.00355083571048;0.00269171397667;0.00274291896494;0.00272012886126,110,0.024615956819616258,0.038671416085;0.0266622500494;0.0246159568196;0.0254017490952;0.0258344149042,110,0.02254999542492442,0.0242236247286;0.0300844170561;0.0225499954249;0.0250655375712;0.0241462951235,0.17078685760498047,85,log_loss,0.2810080664790739,,,0.8638852879488228,0.2810080664790739,,,0.8638852879488228,0.2810080664790739
ok,,upstream_matched,/tmp/chimeraboost-upstream,,categorical_binary,binary,,,medium,4,stress,upstream-compatible,6000,1500,2500,9,0.22916970899677835,0.613795415993;0.40626525;0.410682207992;0.229169708997;0.268603250006,0.15432458481518552,0.237917965802;0.263687713101;0.286383445171;0.154324584815;0.186107460118,123,123;123;123;123;123,0.6734074301999267,1.254671421261671,0.05697700229939073,0.0901611299196;0.094926636084;0.122232076799;0.0569770022994;0.074067395617,738,0.04069715502555482,0.0625515349675;0.0988962144766;0.0879606392991;0.0406971550256;0.0447770851315,738,0.0031184098043013364,0.00853832799476;0.00351749686524;0.00370650403784;0.0031184098043;0.0035639218695,123,0.02820120719843544,0.0456529930234;0.0327373719774;0.0364835760265;0.0282012071984;0.031535753049,123,0.025330810487503186,0.0310139798967;0.0336099936976;0.0360006490082;0.0253308104875;0.0321633044514,0.19249486923217773,98,weighted_log_loss,0.2869917487731552,,,0.8666305794301773,0.2849792229020159,,,0.8692446531938045,0.2869917487731552
ok,,candidate_catboost,.,catboost,categorical_binary,binary,,,medium,4,stress,upstream-compatible,6000,1500,2500,9,0.5860087910259608,0.586008791026;1.22530600001;0.596387458005;1.881486917;0.748060790997,0.2273821632261388,0.227382163226;0.957278504939;0.38788904305;1.47778445479;0.512285414065,123,123;123;123;123;123,0.38801834837331906,1.8486354733832422,0.08722453328664415,0.0872245332866;0.464720695803;0.174776200933;0.661769777042;0.20842354701,738,0.06228365594870411,0.0622836559487;0.399294381117;0.133885146206;0.680214672175;0.183366045996,738,0.006023660069331527,0.00602366006933;0.00481687285355;0.00409320776816;0.00460995690082;0.00406649982324,123,0.042822541698114946,0.0428225416981;0.0337169610139;0.0314919188968;0.0374499491882;0.0523703741783,123,0.029027772223344073,0.0290277722233;0.0547295941506;0.043642569246;0.0937400994881;0.0640589470568,0.28978991508483887,98,weighted_log_loss,0.2869917487731552,,,0.8666305794301773,0.2849792229020159,,,0.8692446531938045,0.2869917487731552
ok,,upstream_matched,/tmp/chimeraboost-upstream,,categorical_multiclass,multiclass,,,medium,0,none,upstream-compatible,6000,1500,2500,9,0.4653409169986844,0.650754416973;0.49350583402;0.467486999987;0.465340916999;0.528171249985,0.3171132491843309,0.278077792434;0.345117748686;0.314149746962;0.317113249184;0.367484998045,228,228;228;228;228;228,0.681464357851058,1.3908475841418022,0.15245683246757835,0.133067542949;0.172093249916;0.155758632434;0.152456832468;0.179403142771,1368,0.10140462027629837,0.0908932193706;0.108914562385;0.0975644837599;0.101404620276;0.114563778858,1368,0.006439664895879105,0.0101991599659;0.00661020787084;0.00620858452749;0.00643966489588;0.00686128935195,228,0.0,0;0;0;0;0,0,0.056812131544575095,0.043917870149;0.0574997285148;0.0546180462406;0.0568121315446;0.0666567870649,0.4200870990753174,51,log_loss,0.5572020077779898,,,0.7429199109741482,0.5572020077779898,,,0.7429199109741482,0.5572020077779898
ok,,candidate_catboost,.,catboost,categorical_multiclass,multiclass,,,medium,0,none,upstream-compatible,6000,1500,2500,9,0.4985012090182863,0.592407833989;0.762378791987;0.633558333007;0.498501209018;0.902312416991,0.38595091705792584,0.272729327204;0.601736659912;0.515828426927;0.385950917058;0.778978998016,228,228;228;228;228;228,0.774222629906938,1.6927671800786221,0.18727788713295013,0.127920634026;0.288035436941;0.261281247338;0.187277887133;0.415596015839,1368,0.13747770505142398,0.0933358396287;0.235998499353;0.177668341406;0.137477705051;0.285256139672,1368,0.006867160031106323,0.00962384208106;0.00699045008514;0.00729815574596;0.00686716003111;0.00774766286486,228,0.0,0;0;0;0;0,0,0.0543281648424454,0.041849011468;0.070712273533;0.0695806824369;0.0543281648424;0.0703791796404,0.44963812828063965,51,log_loss,0.5572020077779898,,,0.7429199109741482,0.5572020077779898,,,0.7429199109741482,0.5572020077779898
ok,,upstream_matched,/tmp/chimeraboost-upstream,,categorical_multiclass,multiclass,,,medium,0,stress,upstream-compatible,6000,1500,2500,9,0.4833708749793004,0.548957915977;0.915979374986;0.587873583019;0.693517957989;0.483370874979,0.32191299527767114,0.231527591095;0.760014194966;0.437903913989;0.479007927177;0.321912995278,210,210;210;210;210;210,0.6659751589117912,1.5329190251317673,0.15933236872660927,0.107680331712;0.388626604225;0.23096907427;0.225765662239;0.159332368727,1260,0.09959231581888162,0.0801863718079;0.291718124005;0.143012032378;0.182520656963;0.0995923158189,1260,0.006586168223293498,0.00911971405731;0.00795837389887;0.00667429179884;0.00627596033155;0.00658616822329,210,0.0,0;0;0;0;0,0,0.056402142508886755,0.0345411735179;0.0717110928381;0.0572485155426;0.0644456476439;0.0564021425089,0.4308817386627197,45,weighted_log_loss,0.5665232873247144,,,0.7397457378122168,0.5625246909415597,,,0.7404325834098092,0.5665232873247144
ok,,candidate_catboost,.,catboost,categorical_multiclass,multiclass,,,medium,0,stress,upstream-compatible,6000,1500,2500,9,0.9301024580199737,0.970083667024;0.93010245802;1.23731237501;1.887964208;1.134785084,0.8104364192986395,0.651038125274;0.810436419299;1.10453937721;1.73532187685;0.963091210317,210,210;210;210;210;210,0.8713410144339556,3.8592210442792356,0.4017319108825177,0.290399865829;0.401731910883;0.520647305762;0.795609518653;0.454443905823,1260,0.33453754882793874,0.290874742233;0.334537548828;0.484022994875;0.793679701688;0.4005834985,1260,0.007718754088273272,0.0106813331076;0.00771875408827;0.0081601239508;0.0185265039909;0.00945950832102,210,0.0,0;0;0;0;0,0,0.06644820549990982,0.0590821841033;0.0664482054999;0.0917089526192;0.127506152523;0.0986042976729,0.8737778663635254,45,weighted_log_loss,0.5665232873247141,,,0.7397457378122168,0.5625246909415594,,,0.7404325834098092,0.5665232873247141
ok,,upstream_matched,/tmp/chimeraboost-upstream,,categorical_multiclass,multiclass,,,medium,1,none,upstream-compatible,6000,1500,2500,9,0.43216141700395383,0.644753166998;0.583514375001;0.459193250019;0.549404624995;0.432161417004,0.29251588476472534,0.292848991172;0.435126043943;0.319673804828;0.384747414879;0.292515884765,249,249;249;249;249;249,0.6768671918762454,1.1747625894165676,0.13736267888452858,0.139918760862;0.223807368195;0.156300690694;0.188271766499;0.137362678885,1494,0.09534230269491673,0.0969913131266;0.143385498814;0.103048613935;0.118112338969;0.0953423026949,1494,0.006283042166614905,0.0103794932947;0.00753671082202;0.00679236502037;0.00743900291855;0.00628304216661,249,0.0,0;0;0;0;0,0,0.053527861018665135,0.0455594238883;0.0603964661132;0.0535321351781;0.0709243064921;0.0535278610187,0.39189767837524414,58,log_loss,0.5444246160042694,,,0.7462845222534434,0.5444246160042694,,,0.7462845222534434,0.5444246160042694
ok,,candidate_catboost,.,catboost,categorical_multiclass,multiclass,,,medium,1,none,upstream-compatible,6000,1500,2500,9,0.5459589579841122,0.793545166991;0.669057250023;0.652818416012;0.982285042002;0.545958957984,0.41000171104678884,0.475821036234;0.539898795047;0.528098834533;0.83915433404;0.410001711047,249,249;249;249;249;249,0.75097533441098,1.646593217055377,0.20303912748931907,0.240780776774;0.280111373431;0.275225168007;0.407397236704;0.203039127489,1494,0.12874955256120302,0.171708198061;0.188191249996;0.174272729259;0.347752382251;0.128749552561,1494,0.00772687402786687,0.0100129150669;0.00753225170774;0.00815495810821;0.00766187065165;0.00772687402787,249,0.0,0;0;0;0;0,0,0.07048615696839988,0.0533191463328;0.0640639199119;0.0704459791596;0.0763428444334;0.0704861569684,0.48758602142333984,58,log_loss,0.5444246160042694,,,0.7462845222534434,0.5444246160042694,,,0.7462845222534434,0.5444246160042694
ok,,upstream_matched,/tmp/chimeraboost-upstream,,categorical_multiclass,multiclass,,,medium,1,stress,upstream-compatible,6000,1500,2500,9,0.5632757089915685,0.963179541985;0.654689083021;0.745453999989;0.589463541983;0.563275708992,0.40254887504852377,0.548972326709;0.45159475223;0.581921265111;0.402096376667;0.402548875049,219,219;219;219;219;219,0.7146569053531641,1.8381227171165468,0.20783552280045114,0.265465708537;0.251738635765;0.306536495773;0.192047030694;0.2078355228,1314,0.1204902047466021,0.209277330694;0.137704120629;0.209837111586;0.140006131667;0.120490204747,1314,0.006802879099268466,0.0112795441237;0.006671711948;0.00735861831345;0.00708020874299;0.00680287909927,219,0.0,0;0;0;0;0,0,0.06742026840220205,0.0629497433547;0.0554802838888;0.0581890394387;0.0629630055628;0.0674202684022,0.5174639225006104,48,weighted_log_loss,0.5443736243423761,,,0.7465307958627014,0.5375859762861553,,,0.7457385132329697,0.5443736243423761
ok,,candidate_catboost,.,catboost,categorical_multiclass,multiclass,,,medium,1,stress,upstream-compatible,6000,1500,2500,9,0.5301902499923017,0.672409167018;0.583254666999;0.565681291017;0.530190249992;0.823582374986,0.40747541905147955,0.356341677863;0.444797407923;0.444145713118;0.407475419051;0.655747501005,219,219;219;219;219;219,0.7685456664987635,1.86061835183324,0.22210119882947765,0.172018123849;0.231504117604;0.228755242832;0.222101198829;0.350670116924,1314,0.12091629297356121,0.12390064614;0.144213383785;0.144630708441;0.120916292974;0.226213056274,1314,0.008489252155413851,0.0114154229232;0.00746183402953;0.00690078502521;0.00848925215541;0.0072330449475,219,0.0,0;0;0;0;0,0,0.05596867509302683,0.0490074849513;0.0616180725046;0.0638589768205;0.055968675093;0.071631282859,0.4789879322052002,48,weighted_log_loss,0.5443736243423718,,,0.7465307958627014,0.5375859762861513,,,0.7457385132329697,0.5443736243423718
ok,,upstream_matched,/tmp/chimeraboost-upstream,,categorical_multiclass,multiclass,,,medium,2,none,upstream-compatible,6000,1500,2500,9,0.5346953750122339,1.149473292;0.634623416991;0.955365416012;0.534695375012;0.558886583021,0.3697400450182613,0.745037370711;0.467333372682;0.775336665916;0.369740045018;0.389135191945,258,258;258;258;258;258,0.6914966208746459,1.4331009496831832,0.1775357527367305,0.384904452396;0.238544145686;0.379059070925;0.177535752737;0.188516835711,1548,0.12142370836227201,0.269462713593;0.149915730406;0.304240342986;0.121423708362;0.122354030784,1548,0.007293879898497835,0.0152907519077;0.00835616901168;0.00847658689599;0.0072938798985;0.00767145998543,258,0.0,0;0;0;0;0,0,0.06348670402076095,0.0753794528136;0.0705173275783;0.083560665109;0.0634867040208;0.0705928654643,0.48702216148376465,61,log_loss,0.5555455432990786,,,0.7354321963787142,0.5555455432990786,,,0.7354321963787142,0.5555455432990786
ok,,candidate_catboost,.,catboost,categorical_multiclass,multiclass,,,medium,2,none,upstream-compatible,6000,1500,2500,9,0.5917174160131253,1.60820324998;0.910027250007;1.21325741601;0.71807570802;0.591717416013,0.46343962909304537,1.23299375494;0.771124584047;1.05573387229;0.56715565137;0.463439629093,258,258;258;258;258;258,0.7832110675660178,1.7962776321435867,0.2194096124439966,0.592140172259;0.404656398983;0.539342308592;0.279602215043;0.219409612444,1548,0.16550892483792268,0.534426434984;0.26371075018;0.422566490219;0.196452493197;0.165508924838,1548,0.00807334913406521,0.0118791560817;0.00846003729384;0.00879762691329;0.0137304904056;0.00807334913407,258,0.0,0;0;0;0;0,0,0.07044774267706089,0.0945479916118;0.0942973975907;0.0850274465629;0.0773704527237;0.0704477426771,0.541118860244751,61,log_loss,0.5555455432990786,,,0.7354321963787142,0.5555455432990786,,,0.7354321963787142,0.5555455432990786
ok,,upstream_matched,/tmp/chimeraboost-upstream,,categorical_multiclass,multiclass,,,medium,2,stress,upstream-compatible,6000,1500,2500,9,0.5629456249880604,0.954490208009;0.627941540995;0.562945624988;0.741101791995;1.18100204199,0.37994798927684315,0.53898384262;0.44052009334;0.379947989277;0.553851628239;0.974411528092,312,312;312;312;312;312,0.6749283987861199,1.2177820169129587,0.1850982083415147,0.272441408597;0.223260724917;0.185098208342;0.263020395592;0.480441260675,1872,0.12567532702814788,0.177814238501;0.140748079197;0.125675327028;0.199401619699;0.379033616075,1872,0.00827490584924817,0.0127143340069;0.00889528289554;0.00827490584925;0.0110452930385;0.0107063348405,312,0.0,0;0;0;0;0,0,0.06089954805793241,0.0760138615151;0.0676160063304;0.0608995480579;0.0803843199101;0.104230316501,0.5117278099060059,79,weighted_log_loss,0.5685206209255911,,,0.7306024485030136,0.5600314497968535,,,0.7303619800998894,0.5685206209255911
ok,,candidate_catboost,.,catboost,categorical_multiclass,multiclass,,,medium,2,stress,upstream-compatible,6000,1500,2500,9,0.5888977909926325,1.27008325001;0.819900458999;0.984283833997;0.588897790993;1.085254834,0.44020349893253297,0.920810170035;0.675863626995;0.828149464767;0.440203498933;0.893267967302,312,312;312;312;312;312,0.7475040756911927,1.4109086504247852,0.21361156075727195,0.483031952026;0.361722411122;0.441407628387;0.213611560757;0.458008675108,1872,0.14084550237748772,0.340986320283;0.220649460389;0.28009305775;0.140845502377;0.320809459459,1872,0.008676863770233467,0.0138310008915;0.0102946292318;0.00986716788611;0.00867686377023;0.0104551620025,312,0.0,0;0;0;0;0,0,0.07706957202753983,0.0829608968343;0.0831971262523;0.0967816107441;0.0770695720275;0.103994670731,0.540719747543335,79,weighted_log_loss,0.5685206209255912,,,0.7306024485030136,0.5600314497968537,,,0.7303619800998894,0.5685206209255912
ok,,upstream_matched,/tmp/chimeraboost-upstream,,categorical_multiclass,multiclass,,,medium,3,none,upstream-compatible,6000,1500,2500,9,0.5084866670076735,0.624943250004;0.544583582989;0.508486667008;0.796822583012;0.840080499998,0.345217870635679,0.289135128027;0.398052206117;0.345217870636;0.623554281046;0.676459922921,237,237;237;237;237;237,0.6789123354348824,1.4566154879142574,0.17079642621683888,0.137009186175;0.200750222633;0.170796426217;0.312623243633;0.347910158598,1422,0.109533600974828,0.0979920879181;0.12663473218;0.109533600975;0.213889509992;0.240426655946,1422,0.0070830378972459584,0.00974208087428;0.00690729482449;0.00708303789725;0.00822675094241;0.0080195737828,237,0.0,0;0;0;0;0,0,0.05780480554676615,0.044391773059;0.0637599564798;0.0578048055468;0.0888147764781;0.0801035345939,0.45229172706604004,54,log_loss,0.5479856256607871,,,0.7411438187238657,0.5479856256607871,,,0.7411438187238657,0.5479856256607871
ok,,candidate_catboost,.,catboost,categorical_multiclass,multiclass,,,medium,3,none,upstream-compatible,6000,1500,2500,9,0.38443279097555205,1.37235445899;0.651763583999;1.19449633302;0.589531542006;0.384432790976,0.27931812484166585,1.01530036714;0.519523883995;1.06602429185;0.479095627146;0.279318124842,237,237;237;237;237;237,0.7265720599245891,1.1785574887834003,0.1340569953317754,0.530477818189;0.261210759782;0.552608584287;0.250023503992;0.134056995332,1422,0.0906482936698012,0.381085870642;0.182401165803;0.414607025683;0.158572155633;0.0906482936698,1422,0.006483623234089464,0.0110602551722;0.0084522900579;0.00899324414786;0.00680153880967;0.00648362323409,237,0.0,0;0;0;0;0,0,0.04812921260599978,0.0926764231408;0.067459668353;0.0898154377355;0.0636984287121;0.048129212606,0.3403348922729492,54,log_loss,0.5479856256607871,,,0.7411438187238657,0.5479856256607871,,,0.7411438187238657,0.5479856256607871
ok,,upstream_matched,/tmp/chimeraboost-upstream,,categorical_multiclass,multiclass,,,medium,3,stress,upstream-compatible,6000,1500,2500,9,0.41898133399081416,1.25273016599;0.798729542003;0.614607541007;0.418981333991;0.493043458002,0.2744398739596363,0.546948293108;0.617120203067;0.446817090793;0.27443987396;0.335173187952,255,255;255;255;255;255,0.6550169463292921,1.076234799841711,0.12207073738682084,0.263705760211;0.326605651586;0.218362682412;0.122070737387;0.160818269418,1530,0.10420408923528157,0.187948625331;0.201056468184;0.154305561737;0.104204089235;0.110197073256,1530,0.006250963284401223,0.013342582417;0.00815799314296;0.00760078479652;0.0062509632844;0.00709415791789,255,0.0,0;0;0;0;0,0,0.04191408405313268,0.0819513251481;0.0813000901544;0.0665480618482;0.0419140840531;0.0570636873599,0.3745388984680176,60,weighted_log_loss,0.5516418488270883,,,0.7413683135769594,0.5444993119099663,,,0.7408420508662523,0.5516418488270883
ok,,candidate_catboost,.,catboost,categorical_multiclass,multiclass,,,medium,3,stress,upstream-compatible,6000,1500,2500,9,0.49144504198920913,1.66358225001;0.538019040978;0.642373874987;1.253260292;0.491445041989,0.36498967494117096,1.28842228666;0.392264118942;0.514630452817;1.10214179789;0.364989674941,255,255;255;255;255;255,0.7426866562002781,1.4313320585928273,0.17200618359493092,0.660649016732;0.193323888991;0.25982763205;0.575131943537;0.172006183595,1530,0.12033463240368292,0.505584100581;0.121644192172;0.17582977339;0.413440729899;0.120334632404,1530,0.006758375937351957,0.0195815732586;0.0117397031572;0.00779271582724;0.0101358237152;0.00675837593735,255,0.0,0;0;0;0;0,0,0.06589048300520517,0.102607596084;0.0655563346227;0.0711803315498;0.103433300741;0.0658904830052,0.4483909606933594,60,weighted_log_loss,0.5516418488270878,,,0.7413683135769594,0.5444993119099658,,,0.7408420508662523,0.5516418488270878
ok,,upstream_matched,/tmp/chimeraboost-upstream,,categorical_multiclass,multiclass,,,medium,4,none,upstream-compatible,6000,1500,2500,9,0.40279566700337455,0.565020207985;0.402795667003;0.576205833;0.957913958991;0.470155332994,0.27760449299239554,0.239618084044;0.277604492992;0.429576797964;0.81176211682;0.330473784183,207,207;207;207;207;207,0.6891943378081816,1.3410845072096402,0.13966973117203452,0.113736446045;0.139669731172;0.220109574759;0.399570828216;0.155227600015,1242,0.08601182408165187,0.0798282964388;0.0860118240817;0.146785947552;0.316710199288;0.11768206663,1242,0.005714414059184492,0.00866987224435;0.00571441405918;0.0065440388571;0.00748796371045;0.00592450291151,207,0.0,0;0;0;0;0,0,0.04620852367952466,0.0373834693164;0.0462085236795;0.0561372367956;0.0879931256059;0.0516396146268,0.3589003086090088,44,log_loss,0.545979703225065,,,0.7384437184231523,0.545979703225065,,,0.7384437184231523,0.545979703225065
ok,,candidate_catboost,.,catboost,categorical_multiclass,multiclass,,,medium,4,none,upstream-compatible,6000,1500,2500,9,0.33853375000762753,1.260778625;0.583178208995;0.800758166995;0.338533750008;0.60148225,0.24069812917150557,0.843718167016;0.478648929595;0.698586914135;0.240698129172;0.463617665053,207,207;207;207;207;207,0.7110018695804551,1.1627928945483361,0.11137470343965106,0.432936733094;0.245999014354;0.375528827892;0.11137470344;0.237986476335,1242,0.08451844949740916,0.33374442003;0.173465948435;0.254317836952;0.0845184494974;0.152600096306,1242,0.005354535940568894,0.011413958011;0.00581221558969;0.00606920325663;0.00535453594057;0.00854170508683,207,0.0,0;0;0;0;0,0,0.039450440293876454,0.0656230558816;0.0533717512153;0.0626710460347;0.0394504402939;0.064489387325,0.29178595542907715,44,log_loss,0.545979703225065,,,0.7384437184231523,0.545979703225065,,,0.7384437184231523,0.545979703225065
ok,,upstream_matched,/tmp/chimeraboost-upstream,,categorical_multiclass,multiclass,,,medium,4,stress,upstream-compatible,6000,1500,2500,9,0.3951377499906812,1.171206208;0.559195665992;0.834653458995;0.395137749991;0.624984124996,0.2575800420017913,0.773046205344;0.40637237794;0.673226541694;0.257580042002;0.425436499092,243,243;243;243;243;243,0.651874041414332,1.0600001728468778,0.11189982749056071,0.402419532329;0.213222143735;0.345153347444;0.111899827491;0.209006490157,1458,0.10528985611745156,0.28257648219;0.130028917396;0.246415638307;0.105289856117;0.136909330613,1458,0.0055585009104106575,0.0162057529087;0.00706775102299;0.00850988394814;0.00555850091041;0.00844350407715,243,0.0,0;0;0;0;0,0,0.03483185748336837,0.0718444379163;0.056053565786;0.0731476719957;0.0348318574834;0.0710771742451,0.3468761444091797,56,weighted_log_loss,0.5568380911755626,,,0.738515819069757,0.5475387465860524,,,0.7375096941497223,0.5568380911755626
ok,,candidate_catboost,.,catboost,categorical_multiclass,multiclass,,,medium,4,stress,upstream-compatible,6000,1500,2500,9,0.5462514170212671,0.756040832988;0.577698708017;0.623279874999;0.971195374994;0.546251417021,0.40949703997466713,0.432422422891;0.443494784617;0.489373591903;0.823831342568;0.409497039975,243,243;243;243;243;243,0.7496493871039683,1.6851730040109758,0.17570236095343716,0.213140497071;0.207016430562;0.247444241832;0.415324370115;0.175702360953,1458,0.15754437167197466,0.162480664352;0.170663224591;0.156309440616;0.310537740705;0.157544371672,1458,0.008884796145139262,0.0104103729827;0.00716562819434;0.00879008989432;0.00874482982908;0.00888479614514,243,0.0,0;0;0;0;0,0,0.06736551120411605,0.0463908884849;0.0586495012685;0.0768298195617;0.0892244019196;0.0673655112041,0.49917125701904297,56,weighted_log_loss,0.556838091175562,,,0.738515819069757,0.5475387465860515,,,0.7375096941497223,0.556838091175562
ok,,upstream_matched,/tmp/chimeraboost-upstream,,friedman_numeric,regression,,,medium,0,none,upstream-compatible,6000,1500,2500,20,0.36612216697540134,0.753561207996;0.495990582975;0.48940029199;0.366122166975;0.891007792001,0.31178742097108625,0.675334540108;0.412500083679;0.426623303763;0.311787420971;0.818617499928,181,181;181;181;181;181,0.8515939462142272,1.7225824363043438,0.16678719976334833,0.446077142813;0.22403667093;0.225287980778;0.166787199763;0.394792353909,1086,0.09646301553584635,0.1722780579;0.134260673716;0.14345299991;0.0964630155358;0.345158779091,1086,0.005419323890237138,0.00903945587925;0.00649508371134;0.00605479444494;0.00541932389024;0.00707950469223,181,0.0,0;0;0;0;0,0,0.04311788178165443,0.0479398835159;0.0477076553216;0.0518275286304;0.0431178817817;0.0715868622356,0.3369009494781494,156,rmse,1.083975822651412,1.083975822651412,,,,1.083975822651412,,,
ok,,candidate_catboost,.,catboost,friedman_numeric,regression,,,medium,0,none,upstream-compatible,6000,1500,2500,20,0.5458760829933453,0.545876082993;0.608491792023;0.577065207995;0.635546041012;0.748720125004,0.4709400750580244,0.470940075058;0.55342216717;0.477805749746;0.569002074742;0.680400369747,181,181;181;181;181;181,0.8627234087186881,2.6018788677238915,0.31884801882551983,0.318848018826;0.285351945553;0.246027619665;0.288505511009;0.323531393486,1086,0.10365444933995605,0.10365444934;0.211953154037;0.174180005939;0.213427852228;0.278181706817,1086,0.009785496367840096,0.00978549636784;0.00554141489556;0.00596174818929;0.00638676108792;0.00591866305331,181,0.0,0;0;0;0;0,0,0.038652110524708405,0.0386521105247;0.0505756526836;0.0516363759525;0.0606819504173;0.072768606391,0.4982898235321045,156,rmse,1.083975822651412,1.083975822651412,,,,1.083975822651412,,,
ok,,upstream_matched,/tmp/chimeraboost-upstream,,friedman_numeric,regression,,,medium,0,stress,upstream-compatible,6000,1500,2500,20,0.5815590829879511,0.798638499982;1.057404917;0.683603665995;1.255998042;0.581559082988,0.5117137068591546,0.710479456029;0.991425756161;0.605765873828;1.17317078871;0.511713706859,166,166;166;166;166;166,0.879899776012537,3.0826126919226184,0.23886687713093124,0.461789110384;0.528640323173;0.32841308185;0.646199058188;0.238866877131,996,0.21922014566371217,0.191797017935;0.398725333042;0.206249160256;0.438672719989;0.219220145664,996,0.005627374222967774,0.00941458283341;0.00592987897107;0.00685882795369;0.00710138416616;0.00562737422297,166,0.0,0;0;0;0;0,0,0.047999309841543436,0.0474787448766;0.0581302209757;0.0642448037688;0.0811976263649;0.0479993098415,0.5420939922332764,141,weighted_rmse,1.090408790977706,1.096868151371656,,,,1.090408790977706,,,
ok,,candidate_catboost,.,catboost,friedman_numeric,regression,,,medium,0,stress,upstream-compatible,6000,1500,2500,20,0.3590677500178572,0.520362166979;0.766628000012;0.817564000026;0.359067750018;0.612340916006,0.2979113750043325,0.444505080202;0.699000125867;0.753112329025;0.297911375004;0.542485577986,166,166;166;166;166;166,0.8296801230116511,1.7946468373754971,0.15651822031941265,0.31055924797;0.383892560989;0.429368256679;0.156518220319;0.299559263891,996,0.08961377118248492,0.0896494569606;0.264978196297;0.256401242892;0.0896137711825;0.176784123993,996,0.004967327957274392,0.0101559601899;0.00553711899556;0.00567491608672;0.00496732795727;0.00545508606592,166,0.0,0;0;0;0;0,0,0.04681205554516055,0.0341404150822;0.0445922495855;0.0616679133673;0.0468120555452;0.0606871040363,0.32364678382873535,141,weighted_rmse,1.090408790977706,1.096868151371656,,,,1.090408790977706,,,
ok,,upstream_matched,/tmp/chimeraboost-upstream,,friedman_numeric,regression,,,medium,1,none,upstream-compatible,6000,1500,2500,20,0.35957754199625924,0.51491925001;0.568018457998;0.766508125002;0.376580959011;0.359577541996,0.3053724548080936,0.440622707189;0.510404953122;0.694906998222;0.31017470907;0.305372454808,176,176;176;176;176;176,0.8492534130823733,1.7350707659550773,0.15082431232440285,0.299382139754;0.275757012249;0.366837201931;0.163611608703;0.150824312324,1056,0.0994234302197583,0.0959732475458;0.178385247797;0.259399798844;0.0944662259135;0.0994234302198,1056,0.005067916034022346,0.0106418300129;0.00560413196217;0.0072058410733;0.00509575702017;0.00506791603402,176,0.0,0;0;0;0;0,0,0.050056796229910105,0.0346254898759;0.0506585611147;0.0614641563734;0.047001117433;0.0500567962299,0.3293330669403076,151,rmse,1.050892996556974,1.050892996556974,,,,1.050892996556974,,,
ok,,candidate_catboost,.,catboost,friedman_numeric,regression,,,medium,1,none,upstream-compatible,6000,1500,2500,20,0.3294011660036631,0.515326207998;0.729829332995;0.329401166004;0.54438883299;0.71388854101,0.27644145366502926,0.433047710714;0.673379461805;0.276441453665;0.476048245328;0.656527081039,176,176;176;176;176;176,0.8392242717864427,1.5706900776422117,0.1376070019614417,0.294105852809;0.351040262176;0.137607001961;0.248278589715;0.354794747487,1056,0.09606250707292929,0.0961274319561;0.26497070113;0.0960625070729;0.172372785717;0.235526969132,1056,0.004929585033096373,0.00890279005398;0.00721399683971;0.0049295850331;0.00564733997453;0.00578087521717,176,0.0,0;0;0;0;0,0,0.03784235959756188,0.0339116358955;0.0501545016596;0.0378423595976;0.0497495299205;0.060424489202,0.2985851764678955,151,rmse,1.050892996556974,1.050892996556974,,,,1.050892996556974,,,
ok,,upstream_matched,/tmp/chimeraboost-upstream,,friedman_numeric,regression,,,medium,1,stress,upstream-compatible,6000,1500,2500,20,0.426427500002319,0.766838209005;0.708020041988;0.484946042008;0.426427500002;1.27815154201,0.36497428492293693,0.670084620098;0.617498041858;0.412398206478;0.364974284923;1.18893125709,210,210;210;210;210;210,0.8558882457649943,1.7379727853473188,0.1927788637985941,0.434241184412;0.325240126898;0.226675784623;0.192778863799;0.626364169497,1260,0.11544704492553137,0.167324030568;0.231287364557;0.123251588986;0.115447044926;0.455110131501,1260,0.0064424892771057785,0.0106333752337;0.00739000207977;0.00635970715666;0.00644248927711;0.00842141584144,210,0.0,0;0;0;0;0,0,0.05030588692170568,0.0578860298847;0.0535805483232;0.0561111257121;0.0503058869217;0.0990355402464,0.3948979377746582,185,weighted_rmse,1.0573102275319042,1.0699318068453456,,,,1.0573102275319042,,,
ok,,candidate_catboost,.,catboost,friedman_numeric,regression,,,medium,1,stress,upstream-compatible,6000,1500,2500,20,0.5719551249931101,0.987966957997;0.571955124993;0.611025457998;1.212203334;0.780548083014,0.4941147908975836,0.893265248887;0.494114790898;0.543122327013;1.12296076119;0.686834330874,210,210;210;210;210;210,0.8639048227840179,2.352927575702779,0.2624820809287485,0.534417118295;0.262482080929;0.283195301221;0.566400445328;0.389392014855,1260,0.1610536963562481,0.288639124192;0.161053696356;0.187805388006;0.451742992853;0.198290808243,1260,0.007161918096244335,0.0115379210911;0.00716191809624;0.00671775190858;0.00992296179174;0.00850332900882,210,0.0,0;0;0;0;0,0,0.06341709551634267,0.0586710853095;0.0634170955163;0.0654038858775;0.0948943612166;0.0906481787679,0.5320110321044922,185,weighted_rmse,1.0573102275319042,1.0699318068453456,,,,1.0573102275319042,,,
ok,,upstream_matched,/tmp/chimeraboost-upstream,,friedman_numeric,regression,,,medium,2,none,upstream-compatible,6000,1500,2500,20,0.32060783298220485,0.522611749999;0.320607832982;0.455990540999;0.389354708022;0.926418042014,0.26746812206692994,0.44819100012;0.267468122067;0.397835614072;0.326177582669;0.867885999905,182,182;182;182;182;182,0.8342532357335624,1.4696050663018128,0.14021999269607477,0.311520620016;0.140219992696;0.203751562833;0.171832593711;0.483818149136,1092,0.08592784177744761,0.0937113425171;0.0859278417774;0.136637288146;0.101424193417;0.308250087983,1092,0.004974372044671327,0.00948795216391;0.00497437204467;0.00549716281239;0.00599470996531;0.00572253405699,182,0.0,0;0;0;0;0,0,0.03634591554873623,0.0334710854222;0.0363459155487;0.0519496002817;0.0469260855753;0.0700952287298,0.28968214988708496,157,rmse,1.0762716273362223,1.0762716273362223,,,,1.0762716273362223,,,
ok,,candidate_catboost,.,catboost,friedman_numeric,regression,,,medium,2,none,upstream-compatible,6000,1500,2500,20,0.3273465420061257,0.582586292003;0.759004916006;0.378268917004;0.519904374989;0.327346542006,0.27407366773695685,0.499820248166;0.689501788904;0.32561040984;0.454476778978;0.274073667737,182,182;182;182;182;182,0.8372584786059175,1.5058992732799827,0.1322347159148194,0.339935121097;0.358684927283;0.160366117547;0.23261541879;0.132234715915,1092,0.09105251502478495,0.107693655882;0.270694893174;0.114022498601;0.153173093218;0.0910525150248,1092,0.005039576819399372,0.0115558748948;0.00622762012063;0.00558275275398;0.00625095597934;0.0050395768194,182,0.0,0;0;0;0;0,0,0.045746859977953136,0.0406355962914;0.0538943483261;0.0456390409381;0.0624373109895;0.045746859978,0.299638032913208,157,rmse,1.0762716273362223,1.0762716273362223,,,,1.0762716273362223,,,
ok,,upstream_matched,/tmp/chimeraboost-upstream,,friedman_numeric,regression,,,medium,2,stress,upstream-compatible,6000,1500,2500,20,0.6229285000008531,0.843752791989;0.699978916004;0.672619500023;0.622928500001;1.13621975001,0.5516176236851607,0.744832664204;0.620653290942;0.553701435158;0.551617623685;1.03886616358,266,266;266;266;266;266,0.8855231759092821,2.073750464981807,0.28292980141122825,0.462265392183;0.336612253537;0.281357435626;0.282929801411;0.557722176658,1596,0.19760868544108234,0.207839778101;0.210866699286;0.196054800181;0.197608685441;0.361288164248,1596,0.007678801834117621,0.0116371307522;0.00767232198268;0.00819383960334;0.00767880183412;0.00931242387742,266,0.0,0;0;0;0;0,0,0.06340033499873243,0.0630903631682;0.0655020161357;0.0680953597475;0.0634003349987;0.110543398798,0.5874238014221191,241,weighted_rmse,1.0672442761850778,1.0778358921020672,,,,1.0672442761850778,,,
ok,,candidate_catboost,.,catboost,friedman_numeric,regression,,,medium,2,stress,upstream-compatible,6000,1500,2500,20,0.830042208021041,1.02235037499;0.940654542006;0.830042208021;1.44961745798;1.48882887501,0.7472820012480952,0.920300830883;0.849532082735;0.747282001248;1.33814695422;1.3665800413,266,266;266;266;266;266,0.9002939778565479,2.8093308317597563,0.39161981199868023,0.610766884405;0.480869299878;0.391619811999;0.731392665708;0.765152928274,1596,0.2623163111275062,0.227211462916;0.272441317094;0.262316311128;0.498861506756;0.466892725817,1596,0.008672003372339532,0.0131104251777;0.0112861589587;0.00867200337234;0.00976787044783;0.0104645011597,266,0.0,0;0;0;0;0,0,0.08467387474956922,0.0692120583844;0.0849353068043;0.0846738747496;0.0981249113102;0.124069886049,0.794482946395874,241,weighted_rmse,1.0672442761850778,1.0778358921020672,,,,1.0672442761850778,,,
ok,,upstream_matched,/tmp/chimeraboost-upstream,,friedman_numeric,regression,,,medium,3,none,upstream-compatible,6000,1500,2500,20,0.39121991698630154,0.655208334007;0.520329042018;0.508565000026;0.530784290982;0.391219916986,0.3283414570323657,0.561540542083;0.457418129925;0.414749038027;0.429453122953;0.328341457032,176,176;176;176;176;176,0.8392759232753033,1.8655764604111689,0.16599155607400462,0.39110390094;0.243625962845;0.20712841535;0.222776862502;0.165991556074,1056,0.1077111774648074,0.118278580689;0.16067271604;0.151483377209;0.142324063985;0.107711177465,1056,0.005576750234467909,0.0120795428811;0.00687621382531;0.00618446417502;0.00621129304636;0.00557675023447,176,0.0,0;0;0;0;0,0,0.04906197325908579,0.0400785175734;0.0462432372151;0.0499527812935;0.0581409034203;0.0490619732591,0.3544807434082031,151,rmse,1.0704606946394606,1.0704606946394606,,,,1.0704606946394606,,,
ok,,candidate_catboost,.,catboost,friedman_numeric,regression,,,medium,3,none,upstream-compatible,6000,1500,2500,20,0.34653416700894013,0.769740500022;0.512105417001;0.593258750014;0.346534167009;0.903262542008,0.2890574948687572,0.68852091895;0.441808871925;0.533408294956;0.289057494869;0.836175626493,176,176;176;176;176;176,0.8341385132776817,1.6423721299361205,0.14370731898816302,0.436143830651;0.211037870526;0.284056004341;0.143707318988;0.406451701827,1056,0.09933579599601217,0.196354695014;0.173903998133;0.187008240231;0.099335795996;0.350730087142,1056,0.0054375341278500855,0.0138784630108;0.00569779402576;0.00608011792065;0.00543753412785;0.00644807511708,176,0.0,0;0;0;0;0,0,0.04057684575673193,0.0421439302736;0.0511692092405;0.0562639324635;0.0405768457567;0.0725457624067,0.31392478942871094,151,rmse,1.0704606946394606,1.0704606946394606,,,,1.0704606946394606,,,
ok,,upstream_matched,/tmp/chimeraboost-upstream,,friedman_numeric,regression,,,medium,3,stress,upstream-compatible,6000,1500,2500,20,0.5221054170106072,0.642040833016;0.932399792015;0.61463175001;0.850432375009;0.522105417011,0.4421911757381167,0.550270872161;0.856172658794;0.545853793097;0.783122445981;0.442191175738,235,235;235;235;235;235,0.8469384942794667,1.8816645776090073,0.23308631899999455,0.354528741795;0.412692493177;0.281865429861;0.396109916299;0.233086319,1410,0.1407675765804015,0.135721067782;0.36208334277;0.193129098276;0.311903439928;0.14076757658,1410,0.007492116506909952,0.0105653700593;0.00828207889572;0.00689017007244;0.00719674295397;0.00749211650691,235,0.0,0;0;0;0;0,0,0.06084516365081072,0.049455692526;0.073114743951;0.0639690948883;0.0679123467999;0.0608451636508,0.48398900032043457,210,weighted_rmse,1.0490988434837498,1.0822295808332165,,,,1.0490988434837498,,,
ok,,candidate_catboost,.,catboost,friedman_numeric,regression,,,medium,3,stress,upstream-compatible,6000,1500,2500,20,0.5782179580128286,0.818681082979;0.578217958013;0.692481707985;1.211169583;0.962481042021,0.49188999403850175,0.734087331977;0.491889994039;0.615657170914;1.11294437296;0.843296742067,235,235;235;235;235;235,0.8506999604941161,2.0931489108021353,0.2447031724441331,0.452907350846;0.244703172444;0.334005753306;0.63409426139;0.433691427257,1410,0.18432743923040107,0.219603093632;0.18432743923;0.192683180911;0.384067559324;0.311590925645,1410,0.0066536230442579836,0.0110717569187;0.00665362304426;0.00892991601722;0.00812757763197;0.00859974024934,235,0.0,0;0;0;0;0,0,0.056205759319709614,0.0505051305809;0.0562057593197;0.0800383206806;0.0866549746133;0.0894146489154,0.5255451202392578,210,weighted_rmse,1.0490988434837498,1.0822295808332165,,,,1.0490988434837498,,,
ok,,upstream_matched,/tmp/chimeraboost-upstream,,friedman_numeric,regression,,,medium,4,none,upstream-compatible,6000,1500,2500,20,0.33621258300263435,0.533515082992;0.424723541015;0.967809084017;0.576120000012;0.336212583003,0.2838963770773262,0.458600530023;0.366961998894;0.902611665049;0.502082581312;0.283896377077,178,178;178;178;178;178,0.8443954552263195,1.5949234667265515,0.14354882304905914,0.31363198717;0.192525960738;0.50094275322;0.282780142239;0.143548823049,1068,0.09068691451102495,0.100625788007;0.121403401165;0.297879443533;0.148764089769;0.090686914511,1068,0.005097284913063049,0.00966992089525;0.00561811908847;0.00610962091014;0.00591187310056;0.00509728491306,178,0.0,0;0;0;0;0,0,0.04456335460417904,0.03467283395;0.0474145179032;0.0976798473857;0.0646264762036;0.0445633546042,0.30700111389160156,153,rmse,1.0487007904829022,1.0487007904829022,,,,1.0487007904829022,,,
ok,,candidate_catboost,.,catboost,friedman_numeric,regression,,,medium,4,none,upstream-compatible,6000,1500,2500,20,0.4129138749849517,1.24724624999;0.702191958;0.412913874985;0.482244832994;0.730322624993,0.35433725707116537,1.15277099216;0.637952329736;0.354337257071;0.414788031252;0.655199954082,178,178;178;178;178;178,0.8581384122393051,1.9906587475908166,0.16987657701247372,0.713839674718;0.330492249748;0.169876577012;0.206931076362;0.289677849185,1068,0.1279145423322916,0.360138455435;0.244612909009;0.127914542332;0.14537319346;0.293691784609,1068,0.005914796638535336,0.0132353718218;0.00601496384479;0.00591479663854;0.00544579193229;0.00919578908361,178,0.0,0;0;0;0;0,0,0.05063134108786471,0.0655574901903;0.056832207134;0.0506313410879;0.0570379694982;0.0626345312048,0.37990617752075195,153,rmse,1.0487007904829022,1.0487007904829022,,,,1.0487007904829022,,,
ok,,upstream_matched,/tmp/chimeraboost-upstream,,friedman_numeric,regression,,,medium,4,stress,upstream-compatible,6000,1500,2500,20,0.3603259580268059,0.976701250009;0.360325958027;0.466108166002;0.461941167014;1.39774625,0.3050729868991766,0.887469626963;0.305072986899;0.402697335987;0.400059319072;1.3122744491,205,205;205;205;205;205,0.8466583661354788,1.4881609117033006,0.16168579447548836,0.55210368603;0.161685794475;0.210790217272;0.217092290637;0.668421489856,1230,0.0990955850284081,0.251103181334;0.0990955850284;0.134727297933;0.126552508096;0.524886527506,1230,0.005584414262557402,0.0106891178293;0.00558441426256;0.00629683031002;0.00623417310999;0.0105558760115,205,0.0,0;0;0;0;0,0,0.03870719313272275,0.0735736417701;0.0387071931327;0.050882990472;0.0501803472289;0.108410555724,0.33183908462524414,180,weighted_rmse,1.0434759122797548,1.0576318704987848,,,,1.0434759122797548,,,
ok,,candidate_catboost,.,catboost,friedman_numeric,regression,,,medium,4,stress,upstream-compatible,6000,1500,2500,20,0.43714054199517705,0.555707584019;0.826937875012;0.451729166001;0.437140541995;0.610275000014,0.3714884173532482,0.472482248879;0.760412454838;0.387579452887;0.371488417353;0.547877163044,205,205;205;205;205;205,0.8498146057506303,1.8121386212353572,0.20281334957689978,0.326616279461;0.390432357613;0.207469590998;0.202813349577;0.272106225078,1230,0.11878082793555222,0.099510410073;0.303378361597;0.123745657853;0.118780827936;0.199653507065,1230,0.005594746151473373,0.00944611208979;0.00779353652615;0.00641392279067;0.00559474615147;0.0064630410925,205,0.0,0;0;0;0;0,0,0.044299493689322844,0.0369094472553;0.0588081991009;0.0499502812454;0.0442994936893;0.0696543898084,0.4036080837249756,180,weighted_rmse,1.0434759122797548,1.0576318704987848,,,,1.0434759122797548,,,
ok,,upstream_matched,/tmp/chimeraboost-upstream,,numeric_binary,binary,,,medium,0,none,upstream-compatible,6000,1500,2500,40,1.6229769999918062,1.85168349999;2.52668512499;2.82577754202;1.62297699999;2.038910959,1.3568936710071284,1.38334388373;2.14645203829;2.43156962696;1.35689367101;1.72691825929,262,262;262;262;262;262,0.836052310669824,5.178983477126445,0.646193561173277,0.659390407236;1.09136974977;1.0790207542;0.646193561173;0.840835196228,1572,0.43268932795035653,0.477610808972;0.765156719426;0.953380328865;0.43268932795;0.537446656934,1572,0.010115488839801401,0.0119199938199;0.0133152070048;0.0124232070521;0.0101154888398;0.0137594081752,262,0.14636850406532176,0.144548253942;0.147780004627;0.206124787685;0.146368504065;0.163399289246,262,0.12152678897837177,0.0898744197621;0.128830357455;0.180620549159;0.121526788978;0.171477708704,1.5279018878936768,237,log_loss,0.16785592069388977,,,0.949998647963441,0.16785592069388977,,,0.949998647963441,0.16785592069388977
ok,,candidate_catboost,.,catboost,numeric_binary,binary,,,medium,0,none,upstream-compatible,6000,1500,2500,40,1.6388262080145068,2.41721700001;1.65322566699;1.63882620801;1.71512495802;2.129574541,1.3777905351307709,1.84519296177;1.40814313386;1.37779053513;1.3308885817;1.78816928403,262,262;262;262;262;262,0.8407179043103116,5.2587425004991255,0.6650718292221427,0.918818237609;0.703766039049;0.665071829222;0.634528848226;0.8399133278,1572,0.4748482577560935,0.662317695533;0.466184335761;0.474848257756;0.426637283555;0.643063419178,1572,0.009103083924856037,0.0139912859013;0.00819675219827;0.00910308392486;0.00906541806762;0.0095329565811,262,0.1291934952896554,0.142958289303;0.130689856946;0.12919349529;0.144820758782;0.155710201128,262,0.09957386893802322,0.107107453427;0.099306149903;0.099573868938;0.115836273064;0.139949379343,1.56268310546875,237,log_loss,0.16785592069388977,,,0.949998647963441,0.16785592069388977,,,0.949998647963441,0.16785592069388977
ok,,upstream_matched,/tmp/chimeraboost-upstream,,numeric_binary,binary,,,medium,0,stress,upstream-compatible,6000,1500,2500,40,1.2774159999971744,1.37265599999;1.29047841701;1.277416;1.343031208;1.314812917,1.055633001262322,0.932903877983;1.07339626024;1.05563300126;1.10449922082;1.07153016885,262,262;262;262;262;262,0.8263815399718315,4.029133592604283,0.5017834736208897,0.430023571447;0.526565638196;0.501783473621;0.521814084874;0.500269189855,1572,0.3160390082630329,0.279094003141;0.315241795674;0.316039008263;0.321669719007;0.317685146409,1572,0.008936960017308593,0.0119549603551;0.00904193083989;0.00893696001731;0.00891016994137;0.00863233077689,262,0.13549754116684198,0.137994921941;0.138873299933;0.135497541167;0.147196925886;0.139928330056,262,0.0933760181942489,0.0738364210993;0.0836735955963;0.0933760181942;0.104908321111;0.10501517175,1.199603796005249,237,weighted_log_loss,0.16785452697053807,,,0.949998647963441,0.16785801512056545,,,0.9500008272055231,0.16785452697053807
ok,,candidate_catboost,.,catboost,numeric_binary,binary,,,medium,0,stress,upstream-compatible,6000,1500,2500,40,1.602331417001551,2.09591033301;1.89015079199;1.602331417;1.73788079101;1.83013399999,1.2804976268380415,1.59367009028;1.52825980075;1.28049762684;1.44179246321;1.51635137675,262,262;262;262;262;262,0.7991465518626862,4.887395522282601,0.6095167852763552,0.765241848567;0.742993333959;0.609516785276;0.708548697672;0.723185067414,1572,0.42954453511629254,0.574413529539;0.543353325978;0.429544535116;0.472224693163;0.50788088626,1572,0.008091709896689281,0.0143560776196;0.00851854283246;0.00809170989669;0.0124952549231;0.00911688565975,262,0.1284751558850985,0.144048587652;0.133018699213;0.128475155885;0.140623825224;0.144147550891,262,0.10486944066360593,0.0956100469048;0.100375898764;0.104869440664;0.107899992232;0.132020986523,1.5283470153808594,237,weighted_log_loss,0.16785452697053807,,,0.949998647963441,0.16785801512056545,,,0.9500008272055231,0.16785452697053807
ok,,upstream_matched,/tmp/chimeraboost-upstream,,numeric_binary,binary,,,medium,1,none,upstream-compatible,6000,1500,2500,40,1.4396865000016987,1.48607874999;1.69997420802;1.52512704101;1.73936808301;1.4396865,1.1832885020703543,1.0510942011;1.44292944705;1.22326125606;1.46444074911;1.18328850207,281,281;281;281;281;281,0.8219070624534981,4.210991110570656,0.5643503254977986,0.480560719501;0.709399368003;0.542941293796;0.708400810079;0.564350325498,1686,0.33145387086551636,0.323044959136;0.449522671988;0.399596853415;0.448334708373;0.331453870866,1686,0.009646253049140796,0.0128158358275;0.0100747051474;0.00938408027287;0.00999954421422;0.00964625304914,281,0.162887374201091,0.142395455012;0.150615041144;0.153664580983;0.160219906771;0.162887374201,281,0.11495067845680751,0.0922772316262;0.123317660764;0.117674447596;0.137485779676;0.114950678457,1.3532061576843262,256,log_loss,0.2454222293877065,,,0.918799363387009,0.2454222293877065,,,0.918799363387009,0.2454222293877065
ok,,candidate_catboost,.,catboost,numeric_binary,binary,,,medium,1,none,upstream-compatible,6000,1500,2500,40,1.6603226669831201,2.19702454199;1.947288542;1.66032266698;2.23948795901;1.945992625,1.3848410020582378,1.6643162978;1.66445745621;1.38484100206;1.89181448793;1.60121494599,281,281;281;281;281;281,0.8340794410610289,4.9282597938015575,0.6562834564247169,0.847750843386;0.807111559086;0.656283456425;0.905716573034;0.774429414334,1686,0.4656249622348696,0.525458644785;0.585690997017;0.465624962235;0.665303796995;0.542254508153,1686,0.012584717100253329,0.0158969583863;0.00956303087878;0.0125847171003;0.0115798349434;0.00998912783689,281,0.141990836156765,0.161414416827;0.150998420315;0.141990836157;0.186951674434;0.149697664165,281,0.108357030141633,0.113795434416;0.111093448912;0.108357030142;0.122262608522;0.124844231497,1.576017141342163,256,log_loss,0.2454222293877065,,,0.918799363387009,0.2454222293877065,,,0.918799363387009,0.2454222293877065
ok,,upstream_matched,/tmp/chimeraboost-upstream,,numeric_binary,binary,,,medium,1,stress,upstream-compatible,6000,1500,2500,40,1.3018027909856755,1.41091270902;1.357364875;1.30180279099;1.54927816699;1.429167416,1.0844598070543725,0.982356615306;1.14061465804;1.08445980705;1.28477770963;1.17214296013,281,281;281;281;281;281,0.8330446167143802,3.8592875695885143,0.5212211361213122,0.454908072541;0.585539029184;0.521221136121;0.612036235543;0.542544637923,1686,0.3175894068845082,0.292377277307;0.320991854387;0.317589406885;0.377274659142;0.346304199949,1686,0.009786619863007218,0.0159657516633;0.0085759551439;0.00978661986301;0.0141783330473;0.0101012070081,281,0.14199513074709103,0.141245871055;0.138129995117;0.141995130747;0.165189664782;0.158587872167,281,0.0938675134384539,0.0778596427408;0.0873778242094;0.0938675134385;0.116098817118;0.114605043083,1.2267413139343262,256,weighted_log_loss,0.24542115632772374,,,0.918799363387009,0.2454287703877586,,,0.9188053516685311,0.24542115632772374
ok,,candidate_catboost,.,catboost,numeric_binary,binary,,,medium,1,stress,upstream-compatible,6000,1500,2500,40,1.435657791007543,2.23487808299;2.391752333;2.21838508302;1.43565779101;2.61415866599,1.1519402936974075,1.67610259753;2.04473016836;1.80601528689;1.1519402937;2.24866172485,281,281;281;281;281;281,0.8023780464347128,4.09943165016871,0.5482934075116646,0.856525803945;1.06285970556;0.87106681781;0.548293407512;1.05267891384,1686,0.3473866515851114,0.523339848121;0.691579840728;0.62274677481;0.347386651585;0.865059625648,1686,0.00931442275759764,0.0149116751563;0.0110459911521;0.0112067109148;0.0093144227576;0.0120015791035,281,0.13902003114344552,0.163699405006;0.142106083047;0.162412921054;0.139020031143;0.166674506938,281,0.10792578069958836,0.117625865299;0.137138547871;0.138582062296;0.1079257807;0.152247099322,1.3219311237335205,256,weighted_log_loss,0.24542115632772374,,,0.918799363387009,0.2454287703877586,,,0.9188053516685311,0.24542115632772374
ok,,upstream_matched,/tmp/chimeraboost-upstream,,numeric_binary,binary,,,medium,2,none,upstream-compatible,6000,1500,2500,40,1.1966876660007983,1.49753591701;1.196687666;1.22477562499;1.333185917;1.45337200002,1.000125462131109,1.04346053579;1.00012546213;1.01529025077;1.11375448908;1.18894550175,278,278;278;278;278;278,0.8357447732986344,3.5975736047881623,0.4785040719434619,0.485955075506;0.478504071943;0.481812222279;0.528504935297;0.545693790948,1668,0.2966487802332267,0.301948039123;0.296648780233;0.298482456506;0.324533412728;0.365214825666,1668,0.008519954863004386,0.0159456292167;0.008519954863;0.00847232111846;0.00893025603727;0.00954239000566,278,0.13697327909176238,0.154483618011;0.136973279092;0.134774546343;0.146217669128;0.162297000992,278,0.07947937599965371,0.0851281739306;0.0794793759997;0.0917487045226;0.105568215891;0.10619749414,1.124922752380371,253,log_loss,0.1747129294149972,,,0.944391449629295,0.1747129294149972,,,0.944391449629295,0.1747129294149972
ok,,candidate_catboost,.,catboost,numeric_binary,binary,,,medium,2,none,upstream-compatible,6000,1500,2500,40,1.527017042011721,2.20200012499;1.94248150001;1.52701704201;2.493521583;2.212874541,1.2784131199296098,1.6914878308;1.62116824093;1.27841311993;1.94870811154;1.83208395899,278,278;278;278;278;278,0.8371963670067522,4.598608345070539,0.5892887994996272,0.824314474681;0.778728406905;0.5892887995;0.931086793309;0.869891967159,1668,0.41538131865672767,0.594691863313;0.57793324528;0.415381318657;0.687256410922;0.616639713029,1668,0.009937413095030934,0.0132358837582;0.00916883366881;0.00993741309503;0.0113889968197;0.0119396354421,278,0.15040646691340953,0.157903704821;0.150727082801;0.150406466913;0.163225787983;0.161419617827,278,0.11339912176481448,0.101341904228;0.104610672279;0.113399121765;0.155750122503;0.17219302553,1.4476008415222168,253,log_loss,0.1747129294149972,,,0.944391449629295,0.1747129294149972,,,0.944391449629295,0.1747129294149972
ok,,upstream_matched,/tmp/chimeraboost-upstream,,numeric_binary,binary,,,medium,2,stress,upstream-compatible,6000,1500,2500,40,1.270477333018789,1.471731875;1.27047733302;1.69321754199;1.73042762501;1.619785458,1.0704720803769305,1.02602195591;1.07047208038;1.43752973995;1.4800340033;1.25215861911,284,284;284;284;284;284,0.8425747178293809,3.769267888651164,0.4984450502379332,0.460106203449;0.498445050238;0.684971206443;0.73013563297;0.609960336966,1704,0.36489036268903874,0.31860645616;0.364890362689;0.489375443576;0.466815617401;0.384027588501,1704,0.007678213034523651,0.0137512891379;0.00767821303452;0.00992449675687;0.00990171020385;0.00978270630003,284,0.11981738000758924,0.150329961907;0.119817380008;0.151605205232;0.160711751989;0.150473798189,284,0.07964107440784574,0.0832280452596;0.0796410744078;0.101653387945;0.112469290732;0.0979141891585,1.1932611465454102,259,weighted_log_loss,0.17901679179953056,,,0.9407863192712045,0.17894525436422415,,,0.9407444666657481,0.17901679179953056
ok,,candidate_catboost,.,catboost,numeric_binary,binary,,,medium,2,stress,upstream-compatible,6000,1500,2500,40,1.6783209999848623,2.37671783302;1.67832099998;1.875970625;2.57681;1.76261666598,1.3929726753558498,1.77975408192;1.39297267536;1.59026283192;2.22970549777;1.44195923978,284,284;284;284;284;284,0.8299798878572179,4.904833363929049,0.683723572321469,0.882421632909;0.683723572321;0.760989245202;1.09957937317;0.683975173364,1704,0.4501434901030734,0.598046481988;0.450143490103;0.570555139158;0.824242423696;0.480204507621,1704,0.010332412173738703,0.0148671620118;0.0103324121737;0.00924520380795;0.0135914704879;0.0093147350708,284,0.15032823383808136,0.173076335166;0.150328233838;0.141311456013;0.15964059197;0.144109908026,284,0.09844496691948734,0.111342469841;0.0984449669195;0.108161787735;0.132651638443;0.124354915693,1.5942120552062988,259,weighted_log_loss,0.17901679179953056,,,0.9407863192712045,0.17894525436422415,,,0.9407444666657481,0.17901679179953056
ok,,upstream_matched,/tmp/chimeraboost-upstream,,numeric_binary,binary,,,medium,3,none,upstream-compatible,6000,1500,2500,40,1.2160939580062404,1.55395075001;1.32669895899;1.21609395801;1.577896209;1.458457417,1.0067962541943416,1.13004499534;1.09016686821;1.00679625419;1.28793416981;1.20033387991,272,272;272;272;272;272,0.827893476129889,3.701456816890962,0.46814705041470006,0.538736994349;0.502135639399;0.468147050415;0.608300879714;0.581200563698,1632,0.30378300236770883,0.347704543907;0.347772568668;0.303783002368;0.389471551054;0.340321899101,1632,0.008518041315255687,0.0137205338106;0.00845979171572;0.00851804131526;0.0103320029448;0.00955400092062,272,0.1337493330356665,0.144727540115;0.138457628927;0.133749333036;0.160820835881;0.156795203016,272,0.09259882706101052,0.0851553831599;0.0933412394952;0.092598827061;0.119008900219;0.112462213176,1.1430699825286865,247,log_loss,0.20027906846511265,,,0.9311999559679718,0.20027906846511265,,,0.9311999559679718,0.20027906846511265
ok,,candidate_catboost,.,catboost,numeric_binary,binary,,,medium,3,none,upstream-compatible,6000,1500,2500,40,1.1757742500049062,2.26903287499;1.89819137499;1.410220875;1.93725541601;1.17577425,0.976987829169957,1.75001026018;1.57322659119;1.16342304015;1.63060895426;0.97698782917,272,272;272;272;272;272,0.8309314727430714,3.5918670190071946,0.4413201526622288,0.837872120377;0.759153686551;0.548304542986;0.81128407814;0.441320152662,1632,0.3225821250816807,0.625656545657;0.554314620997;0.375510892365;0.540332499397;0.322582125082,1632,0.007449112890753895,0.0146177015558;0.0101882797608;0.00876459025312;0.00970317822066;0.00744911289075,272,0.12328236617031507,0.153545829846;0.136098383926;0.131655249192;0.152588294208;0.12328236617,272,0.08235407236497849,0.118318062741;0.113471619959;0.0991877653578;0.116700904298;0.082354072365,1.0957591533660889,247,log_loss,0.20027906846511265,,,0.9311999559679718,0.20027906846511265,,,0.9311999559679718,0.20027906846511265
ok,,upstream_matched,/tmp/chimeraboost-upstream,,numeric_binary,binary,,,medium,3,stress,upstream-compatible,6000,1500,2500,40,1.2639577090158127,1.36502979201;1.41297262502;1.26395770902;1.31801454199;1.35354387501,1.0272050918720197,0.959392627294;1.18879916458;1.02720509187;1.10074499692;1.09258567679,261,261;261;261;261;261,0.8126894472378022,3.935651692996244,0.4841282631678041,0.444414426835;0.582317955268;0.484128263168;0.53628558293;0.496379417425,1566,0.30945539494859986,0.292940604122;0.361577617296;0.309455394949;0.324744440324;0.319196975121,1566,0.008321244094986469,0.0119392900961;0.00931191310519;0.00832124409499;0.00798604814918;0.00854571393575,261,0.13575224598753266,0.135581667128;0.142334122909;0.135752245988;0.135728423309;0.146623665758,261,0.0895479436730966,0.0745166391134;0.093257556;0.0895479436731;0.0960005022062;0.121839904547,1.1596081256866455,236,weighted_log_loss,0.19689590069496893,,,0.9279998156795282,0.19690085370824514,,,0.9279998147240036,0.19689590069496893
ok,,candidate_catboost,.,catboost,numeric_binary,binary,,,medium,3,stress,upstream-compatible,6000,1500,2500,40,1.7395510000060312,1.95526320901;2.33708654199;1.77439037498;1.73955100001;2.14137962501,1.415632957156049,1.46474950449;1.99421533619;1.47007646415;1.41563295716;1.76513328921,261,261;261;261;261;261,0.8137921550740053,5.4238810619005715,0.6914649405807722,0.698096603388;1.01811838304;0.741021072638;0.691464940581;0.87181511338,1566,0.46674131677718833,0.502300845925;0.693116630689;0.473562858009;0.466741316777;0.600473551691,1566,0.008838666166411713,0.0170927130093;0.0109561178833;0.0089519941248;0.00883866616641;0.00925504413317,261,0.1454456181381829,0.149278713245;0.149262160179;0.142211039085;0.145445618138;0.146245992044,261,0.1031424154934939,0.0979806289251;0.122762044397;0.104329500289;0.103142415493;0.137343587965,1.638077974319458,236,weighted_log_loss,0.19689590069496893,,,0.9279998156795282,0.19690085370824514,,,0.9279998147240036,0.19689590069496893
ok,,upstream_matched,/tmp/chimeraboost-upstream,,numeric_binary,binary,,,medium,4,none,upstream-compatible,6000,1500,2500,40,1.025477499992121,1.44157804101;1.11578591701;1.18342287501;1.02547749999;1.29737029201,0.8275299068773165,1.03842750576;0.928405045212;0.979623832944;0.827529906877;1.06404433565,239,239;239;239;239;239,0.8069703205420642,3.462468229612203,0.36681184949702583,0.501159079198;0.443369688932;0.4599816142;0.366811849497;0.502149788052,1434,0.26718213682761416,0.320249797485;0.276242410066;0.295007464127;0.267182136828;0.309472628956,1434,0.006665081629762426,0.0112390480936;0.0080393270764;0.0146530819184;0.00666508162976;0.00853677999112,239,0.11171846283832565,0.12910441382;0.123480843031;0.120764345251;0.111718462838;0.138676539966,239,0.07515237608458847,0.0766751671617;0.0772727761068;0.0892173274478;0.0751523760846;0.105208598688,0.9388837814331055,214,log_loss,0.1708671423180565,,,0.9467997871991488,0.1708671423180565,,,0.9467997871991488,0.1708671423180565
ok,,candidate_catboost,.,catboost,numeric_binary,binary,,,medium,4,none,upstream-compatible,6000,1500,2500,40,1.3742535409983248,1.95153229201;1.86004983299;1.374253541;1.45695583301;1.51578691701,1.1441641609126236,1.449119286;1.58568695988;1.14416416091;1.21614450697;1.22009308994,239,239;239;239;239;239,0.8325713754984739,4.787297744404283,0.5502042994194198,0.665047927178;0.76873559138;0.550204299419;0.56609786069;0.561568179255,1434,0.3844206417852547,0.539891260705;0.597358903993;0.384420641785;0.426027809532;0.393891291023,1434,0.0072842391091398895,0.0120422115142;0.00798720130115;0.00728423910914;0.00783133591176;0.00822794807027,239,0.11430925084277987,0.138904628111;0.118629871955;0.114309250843;0.121224286588;0.141908968217,239,0.08794572975602932,0.0932332584925;0.0929753912496;0.087945729756;0.0949632142438;0.114496703376,1.2880079746246338,214,log_loss,0.1708671423180565,,,0.9467997871991488,0.1708671423180565,,,0.9467997871991488,0.1708671423180565
ok,,upstream_matched,/tmp/chimeraboost-upstream,,numeric_binary,binary,,,medium,4,stress,upstream-compatible,6000,1500,2500,40,0.9306642499868758,0.99782816699;0.941826499999;0.979195208987;0.970213541004;0.930664249987,0.746079039759934,0.626817340089;0.764839165786;0.802308463957;0.783291580621;0.74607903976,188,188;188;188;188;188,0.8016629410342722,3.9685055306379464,0.3590420981054194,0.282239416585;0.359849544824;0.377377818135;0.371643192222;0.359042098105,1128,0.2176819138112478,0.188655616774;0.232821001351;0.241906645155;0.235222502641;0.217681913811,1128,0.0062012141570448875,0.0101864549797;0.00677420789725;0.00656741991406;0.00611999147804;0.00620121415704,188,0.09564067202154547,0.0981804862095;0.102035535994;0.10618312101;0.100386834849;0.0956406720215,188,0.06751314166467637,0.0475553655415;0.0633588757191;0.0702734597435;0.0699190594314;0.0675131416647,0.8579776287078857,163,weighted_log_loss,0.17249637928845335,,,0.9451999912319986,0.1724969840108529,,,0.9452019093785955,0.17249637928845335
ok,,candidate_catboost,.,catboost,numeric_binary,binary,,,medium,4,stress,upstream-compatible,6000,1500,2500,40,1.0610230419842992,1.53313600001;1.68715229101;1.06102304198;1.10395837502;1.67003166699,0.8840155439393129,1.08840491518;1.36975875622;0.884015543939;0.920670625957;1.42905036692,188,188;188;188;188;188,0.833172804886545,4.702210340102728,0.4249675768369343,0.51301854616;0.689478626096;0.424967576837;0.445006826631;0.707048673765,1128,0.29442349646706134,0.385387303599;0.486034414498;0.294423496467;0.323655019689;0.517993117683,1128,0.006172492227051407,0.0102592958719;0.0065110878495;0.00617249222705;0.00922921902384;0.00661883095745,188,0.09015333882416598,0.11300429306;0.102349838271;0.0901533388242;0.0852038329176;0.108368669142,188,0.06829863958409987,0.0667354764882;0.085384789505;0.0682986395841;0.0575757276965;0.0890210753714,0.9846279621124268,163,weighted_log_loss,0.17249637928845335,,,0.9451999912319986,0.1724969840108529,,,0.9452019093785955,0.17249637928845335
