contrast,contrast_code,contrast_role,numerator_arm,denominator_arm,dataset,task_id,repeat,fold,registered_fold,numerator_test_rmse,denominator_test_rmse,test_rmse_ratio,test_rmse_log_ratio,test_rmse_pct,numerator_val_rmse,denominator_val_rmse,val_rmse_ratio,val_rmse_log_ratio,val_rmse_pct,numerator_train_time_s,denominator_train_time_s,train_time_s_ratio,train_time_s_log_ratio,train_time_s_pct,numerator_infer_time_s,denominator_infer_time_s,infer_time_s_ratio,infer_time_s_log_ratio,infer_time_s_pct,numerator_peak_memory_bytes,denominator_peak_memory_bytes,peak_memory_bytes_ratio,peak_memory_bytes_log_ratio,peak_memory_bytes_pct
ordinal_vs_fixed_base,O/B,primary_causal,fixed_base_safe_ordinal,fixed_base_native,airfoil_self_noise,363612,0,1,1,1.4776065383992485,1.677243573727397,0.8809731404220031,-0.12672814111343456,-11.902685957799687,1.6680068803582049,1.8248714406970452,0.914040760987019,-0.08988011225648579,-8.595923901298097,16.27281904220581,15.717976093292236,1.0352998977489447,0.034691141025262794,3.529989774894471,0.025448083877563477,0.024758100509643555,1.0278689945398343,0.027487721694101106,2.786899453983427,400130048.0,399441920.0,1.0017227235438884,0.0017212413577045635,0.17227235438883604
ordinal_vs_product_default,O/P,deployment,fixed_base_safe_ordinal,product_default_native,airfoil_self_noise,363612,0,1,1,1.4776065383992485,1.7427581670224879,0.8478551794273026,-0.1650454367518615,-15.214482057269741,1.6680068803582049,1.868796850069824,0.892556555997985,-0.11366539927104473,-10.7443444002015,16.27281904220581,22.524842023849487,0.7224387644972611,-0.32512261760855155,-27.75612355027389,0.025448083877563477,0.03426408767700195,0.7427042598494231,-0.29745734869734447,-25.729574015057686,400130048.0,395231232.0,1.0123948099324296,0.01231862317670837,1.2394809932429585
fixed_base_vs_product_default,B/P,attribution_only,fixed_base_native,product_default_native,airfoil_self_noise,363612,0,1,1,1.677243573727397,1.7427581670224879,0.9624075247301679,-0.03831729563842688,-3.7592475269832115,1.8248714406970452,1.868796850069824,0.9764953534831046,-0.023785287014558898,-2.3504646516895433,15.717976093292236,22.524842023849487,0.6978062743636522,-0.3598137586338142,-30.219372563634785,0.024758100509643555,0.03426408767700195,0.7225670428768248,-0.3249450703914454,-27.74329571231752,399441920.0,395231232.0,1.0106537329519545,0.010597381819003701,1.0653732951954487
ordinal_vs_fixed_base,O/B,primary_causal,fixed_base_safe_ordinal,fixed_base_native,airfoil_self_noise,363612,0,2,2,1.4758916038014165,1.7723587036564867,0.8327273710206404,-0.18304897607445164,-16.727262897935958,1.5417503368892627,1.8260567547961923,0.8443058151614453,-0.16924050977687197,-15.569418483855468,23.760549068450928,14.949143886566162,1.5894254044743668,0.46337257008461913,58.94254044743668,0.043298959732055664,0.024073123931884766,1.79864316133505,0.5870325813942988,79.864316133505,396918784.0,400244736.0,0.9916902042654222,-0.008344514558493546,-0.8309795734577796
ordinal_vs_product_default,O/P,deployment,fixed_base_safe_ordinal,product_default_native,airfoil_self_noise,363612,0,2,2,1.4758916038014165,1.7917793598422136,0.8237016436730165,-0.19394689756161057,-17.629835632698352,1.5417503368892627,1.8352663623201466,0.8400689777478292,-0.1742712741496787,-15.993102225217083,23.760549068450928,24.712109088897705,0.9614941801598682,-0.039266766847473454,-3.8505819840131794,0.043298959732055664,0.04087400436401367,1.059327570316966,0.0576343392021948,5.9327570316966005,396918784.0,397410304.0,0.9987631926121372,-0.00123757286535071,-0.12368073878628039
fixed_base_vs_product_default,B/P,attribution_only,fixed_base_native,product_default_native,airfoil_self_noise,363612,0,2,2,1.7723587036564867,1.7917793598422136,0.9891612457309269,-0.010897921487158957,-1.0838754269073103,1.8260567547961923,1.8352663623201466,0.9949818687286833,-0.005030764372806761,-0.5018131271316673,14.949143886566162,24.712109088897705,0.6049319316610776,-0.5026393369320925,-39.50680683389224,0.024073123931884766,0.04087400436401367,0.5889592739066019,-0.5293982421921041,-41.104072609339816,400244736.0,397410304.0,1.0071322559366755,0.007106941693142887,0.7132255936675547
ordinal_vs_fixed_base,O/B,primary_causal,fixed_base_safe_ordinal,fixed_base_native,airfoil_self_noise,363612,1,0,3,1.4950456167805746,1.7005236543113844,0.8791677863404865,-0.12877951630409706,-12.083221365951346,1.5506661423449837,1.8285307258696306,0.8480394233504075,-0.1648281544708424,-15.19605766495925,22.607508182525635,16.47527003288269,1.3722086580313235,0.3164216008534388,37.220865803132355,0.034037113189697266,0.025913715362548828,1.3134787008924464,0.2726791144752096,31.347870089244644,397721600.0,397967360.0,0.999382461918485,-0.0006177288366924843,-0.061753808151499
ordinal_vs_product_default,O/P,deployment,fixed_base_safe_ordinal,product_default_native,airfoil_self_noise,363612,1,0,3,1.4950456167805746,1.7535764041600894,0.8525694194069956,-0.15950064275030174,-14.74305805930044,1.5506661423449837,1.8944014620322516,0.818552019423317,-0.20021832961095876,-18.1447980576683,22.607508182525635,23.879376888275146,0.9467377766304278,-0.05473312315716981,-5.326222336957221,0.034037113189697266,0.0378878116607666,0.8983657724666956,-0.10717797460657548,-10.163422753330442,397721600.0,397754368.0,0.9999176174980434,-8.23858955812785e-05,-0.008238250195657937
fixed_base_vs_product_default,B/P,attribution_only,fixed_base_native,product_default_native,airfoil_self_noise,363612,1,0,3,1.7005236543113844,1.7535764041600894,0.9697459718761923,-0.030721126446204575,-3.025402812380773,1.8285307258696306,1.8944014620322516,0.9652287345196846,-0.035390175140116484,-3.4771265480315394,16.47527003288269,23.879376888275146,0.6899371834518891,-0.3711547240106085,-31.006281654811087,0.025913715362548828,0.0378878116607666,0.6839591474580431,-0.37985708908178495,-31.60408525419569,397967360.0,397754368.0,1.0005354862627178,0.0005353429411112602,0.05354862627178214
ordinal_vs_fixed_base,O/B,primary_causal,fixed_base_safe_ordinal,fixed_base_native,airfoil_self_noise,363612,1,2,5,1.6156081392798083,1.8984023871268088,0.851035665692033,-0.16130124095556264,-14.896433430796696,1.6348766122442657,1.8352568309730464,0.8908162523375326,-0.11561709911163749,-10.91837476624674,23.983291149139404,16.62535810470581,1.4425729056838137,0.36642825932490464,44.25729056838137,0.03828597068786621,0.026999950408935547,1.4180015188174417,0.34924849920769907,41.80015188174417,398016512.0,398393344.0,0.9990541207435434,-0.0009463268825295858,-0.09458792564566165
ordinal_vs_product_default,O/P,deployment,fixed_base_safe_ordinal,product_default_native,airfoil_self_noise,363612,1,2,5,1.6156081392798083,1.921708064963229,0.8407146583478184,-0.17350296510872304,-15.928534165218156,1.6348766122442657,1.8538812419306276,0.8818669585014567,-0.12571407505424476,-11.813304149854332,23.983291149139404,28.86095404624939,0.8309943985464382,-0.1851322247674115,-16.90056014535618,0.03828597068786621,0.041368961334228516,0.9254757541178233,-0.07744734491539654,-7.452424588217665,398016512.0,398524416.0,0.9987255385627364,-0.0012752742539168702,-0.12744614372636187
fixed_base_vs_product_default,B/P,attribution_only,fixed_base_native,product_default_native,airfoil_self_noise,363612,1,2,5,1.8984023871268088,1.921708064963229,0.9878724150346603,-0.012201724153160388,-1.2127584965339722,1.8352568309730464,1.8538812419306276,0.9899538273885409,-0.010096975942607353,-1.0046172611459125,16.62535810470581,28.86095404624939,0.5760501914823689,-0.5515604840923162,-42.39498085176311,0.026999950408935547,0.041368961334228516,0.6526620330347983,-0.4266958441230956,-34.73379669652017,398393344.0,398524416.0,0.9996711067258675,-0.0003289473713872389,-0.032889327413254676
ordinal_vs_fixed_base,O/B,primary_causal,fixed_base_safe_ordinal,fixed_base_native,airfoil_self_noise,363612,2,0,6,1.4902014047614307,1.7576862338910704,0.8478199214557787,-0.1650870225149722,-15.218007854422133,1.6006696417947714,1.8503402086083294,0.8650677504320466,-0.14494745091853978,-13.493224956795336,21.21112585067749,11.724555015563965,1.8091199045524893,0.5928404864457144,80.91199045524893,0.03524184226989746,0.02021026611328125,1.7437594375235939,0.5560433787728033,74.37594375235939,398819328.0,399048704.0,0.9994251929709312,-0.0005749722939624075,-0.05748070290687579
ordinal_vs_product_default,O/P,deployment,fixed_base_safe_ordinal,product_default_native,airfoil_self_noise,363612,2,0,6,1.4902014047614307,1.7717090063666048,0.8411095723995411,-0.17303333926820902,-15.889042760045891,1.6006696417947714,1.8603094195998364,0.860431939402363,-0.15032076070344214,-13.956806059763704,21.21112585067749,24.478864192962646,0.8665077629204467,-0.14328421092783442,-13.349223707955327,0.03524184226989746,0.04252290725708008,0.8287731141437815,-0.18780884750142346,-17.122688585621848,398819328.0,398753792.0,1.0001643520420742,0.0001643385377569659,0.016435204207421172
fixed_base_vs_product_default,B/P,attribution_only,fixed_base_native,product_default_native,airfoil_self_noise,363612,2,0,6,1.7576862338910704,1.7717090063666048,0.9920851717606313,-0.007946316753236825,-0.7914828239368732,1.8503402086083294,1.8603094195998364,0.9946411006220398,-0.005373309784902392,-0.5358899377960191,11.724555015563965,24.478864192962646,0.4789664636047379,-0.7361246973735488,-52.103353639526205,0.02021026611328125,0.04252290725708008,0.47527950031958915,-0.7438522262742266,-52.47204996804109,399048704.0,398753792.0,1.0007395841893336,0.0007393108317194063,0.07395841893336197
ordinal_vs_fixed_base,O/B,primary_causal,fixed_base_safe_ordinal,fixed_base_native,airfoil_self_noise,363612,2,1,7,1.6666876452140014,1.8738691174932076,0.8894365298274589,-0.1171671293097518,-11.056347017254108,1.4860524227887089,1.789559312863112,0.8304013240059515,-0.18584617215228555,-16.959867599404856,23.952322006225586,14.717319965362549,1.6274921019993969,0.4870402422466597,62.74921019993969,0.03547406196594238,0.024840831756591797,1.4280545157884634,0.3563130395111488,42.805451578846345,399572992.0,399130624.0,1.0011083288863347,0.0011077151433187937,0.11083288863347196
ordinal_vs_product_default,O/P,deployment,fixed_base_safe_ordinal,product_default_native,airfoil_self_noise,363612,2,1,7,1.6666876452140014,1.919665891987107,0.8682175644058353,-0.14131294549217202,-13.178243559416469,1.4860524227887089,1.8290222732256702,0.8124845960284024,-0.20765832369223755,-18.75154039715976,23.952322006225586,22.223968982696533,1.0777697730263545,0.07489388105658733,7.776977302635446,0.03547406196594238,0.034638166427612305,1.0241322109262612,0.02384563051572601,2.4132210926261166,399572992.0,399278080.0,1.0007386130488305,0.0007383404084547757,0.07386130488304943
fixed_base_vs_product_default,B/P,attribution_only,fixed_base_native,product_default_native,airfoil_self_noise,363612,2,1,7,1.8738691174932076,1.919665891987107,0.9761433618813252,-0.024145816182420187,-2.385663811867478,1.789559312863112,1.8290222732256702,0.9784240132336053,-0.021812151539951988,-2.1575986766394717,14.717319965362549,22.223968982696533,0.6622273445765415,-0.41214636119007236,-33.777265542345845,0.024840831756591797,0.034638166427612305,0.7171520411885768,-0.3324674089954227,-28.284795881142323,399130624.0,399278080.0,0.9996306934755848,-0.0003693747348639611,-0.036930652441524714
ordinal_vs_fixed_base,O/B,primary_causal,fixed_base_safe_ordinal,fixed_base_native,airfoil_self_noise,363612,3,0,9,1.3917057585990844,1.5774252032852043,0.8822641832402996,-0.1252637403414139,-11.773581675970036,1.671793726742805,1.8477786063010786,0.904758676738571,-0.10008702637861082,-9.524132326142897,15.903760194778442,15.194380044937134,1.0466870084691398,0.045629945906325346,4.668700846913976,0.026977062225341797,0.023916959762573242,1.1279469670537805,0.12039913694738207,12.794696705378051,399966208.0,399917056.0,1.0001229054856815,0.00012289793342109935,0.01229054856815015
ordinal_vs_product_default,O/P,deployment,fixed_base_safe_ordinal,product_default_native,airfoil_self_noise,363612,3,0,9,1.3917057585990844,1.619834922331169,0.8591651775208212,-0.1517940850050708,-14.083482247917878,1.671793726742805,1.8814823176478217,0.8885513890095105,-0.11816279512018224,-11.144861099048953,15.903760194778442,24.445443153381348,0.6505817912561997,-0.42988825295182337,-34.94182087438003,0.026977062225341797,0.03837990760803223,0.7028954446908564,-0.352547125557006,-29.71045553091436,399966208.0,399687680.0,1.0006968641114982,0.0006966214144479138,0.06968641114981633
fixed_base_vs_product_default,B/P,attribution_only,fixed_base_native,product_default_native,airfoil_self_noise,363612,3,0,9,1.5774252032852043,1.619834922331169,0.9738184931925463,-0.026530344663656936,-2.618150680745368,1.8477786063010786,1.8814823176478217,0.9820866180720323,-0.018075768741571532,-1.7913381927967653,15.194380044937134,24.445443153381348,0.621562879821854,-0.47551819885814867,-37.8437120178146,0.023916959762573242,0.03837990760803223,0.6231635575268517,-0.472946262504388,-37.68364424731483,399917056.0,399687680.0,1.000573888091822,0.0005737234810268217,0.05738880918220168
ordinal_vs_fixed_base,O/B,primary_causal,fixed_base_safe_ordinal,fixed_base_native,airfoil_self_noise,363612,3,1,10,1.5531086282663258,1.7189802188104342,0.9035058177348343,-0.10147272986174777,-9.64941822651657,1.5442509044266017,1.7932282801252013,0.8611568987294712,-0.149478562666487,-13.88431012705288,19.452498197555542,18.911881923675537,1.028586064362173,0.028185106106463086,2.8586064362172925,0.032537221908569336,0.030586957931518555,1.0637612926861588,0.06181101677028173,6.376129268615882,400392192.0,400015360.0,1.000942043825517,0.0009416003807068392,0.09420438255169916
ordinal_vs_product_default,O/P,deployment,fixed_base_safe_ordinal,product_default_native,airfoil_self_noise,363612,3,1,10,1.5531086282663258,1.7809653170947504,0.8720600077714471,-0.13689704118922752,-12.793999222855291,1.5442509044266017,1.8474087490737563,0.8359010452888944,-0.17924503978266024,-16.40989547111056,19.452498197555542,22.441916942596436,0.8667930750885744,-0.14295499840517475,-13.32069249114256,0.032537221908569336,0.036049842834472656,0.9025621015317055,-0.10251778058099266,-9.743789846829454,400392192.0,400539648.0,0.99963185666953,-0.00036821111186187893,-0.036814333046997216
fixed_base_vs_product_default,B/P,attribution_only,fixed_base_native,product_default_native,airfoil_self_noise,363612,3,1,10,1.7189802188104342,1.7809653170947504,0.9651957858531287,-0.03542431132747981,-3.4804214146871293,1.7932282801252013,1.8474087490737563,0.9706721812507818,-0.0297664771161732,-2.9327818749218193,18.911881923675537,22.441916942596436,0.8427034986382724,-0.17114010451163786,-15.729650136172758,0.030586957931518555,0.036049842834472656,0.8484630036242428,-0.1643287973512743,-15.153699637575723,400015360.0,400539648.0,0.9986910459361067,-0.001309811492568839,-0.13089540638933084
ordinal_vs_fixed_base,O/B,primary_causal,fixed_base_safe_ordinal,fixed_base_native,airfoil_self_noise,363612,3,2,11,1.5220900794715602,1.7157662327588363,0.8871197313541612,-0.11977532116642121,-11.288026864583877,1.5933611218823014,1.7654886082303602,0.9025043347515048,-0.10258178573787687,-9.749566524849518,21.781604051589966,14.964695930480957,1.4555326852464765,0.3753719403213602,45.55326852464765,0.0344851016998291,0.026889801025390625,1.2824602780536247,0.24878032530526117,28.246027805362473,400687104.0,400982016.0,0.9992645256190242,-0.0007357449749430557,-0.07354743809757647
ordinal_vs_product_default,O/P,deployment,fixed_base_safe_ordinal,product_default_native,airfoil_self_noise,363612,3,2,11,1.5220900794715602,1.7525255015010885,0.8685123715277445,-0.14097344869576042,-13.148762847225548,1.5933611218823014,1.8115118804594983,0.8795753089282186,-0.12831609149109088,-12.042469107178144,21.781604051589966,21.46067214012146,1.0149544203169907,0.014843705393807137,1.495442031699068,0.0344851016998291,0.033470869064331055,1.0303019510353524,0.029851915624621576,3.030195103535238,400687104.0,400801792.0,0.9997138535747864,-0.0002861873729135054,-0.02861464252136292
fixed_base_vs_product_default,B/P,attribution_only,fixed_base_native,product_default_native,airfoil_self_noise,363612,3,2,11,1.7157662327588363,1.7525255015010885,0.9790249735534422,-0.021198127529339295,-2.09750264465578,1.7654886082303602,1.8115118804594983,0.9745939992303755,-0.02573430575321395,-2.5406000769624515,14.964695930480957,21.46067214012146,0.6973078863873954,-0.36052823492755315,-30.26921136126046,0.026889801025390625,0.033470869064331055,0.8033792302706091,-0.21892840968063965,-19.66207697293909,400982016.0,400801792.0,1.0004496586681928,0.00044955760202957377,0.04496586681927983
ordinal_vs_fixed_base,O/B,primary_causal,fixed_base_safe_ordinal,fixed_base_native,airfoil_self_noise,363612,4,0,12,1.5806765095796795,1.7966539820296163,0.8797890553160633,-0.12807311011299732,-12.021094468393667,1.572711302420309,1.8049575727936769,0.8713286816964335,-0.13773601200775848,-12.867131830356648,20.618967056274414,13.817888975143433,1.492193713045837,0.4002473278349263,49.21937130458369,0.03208804130554199,0.023173093795776367,1.3847111476927825,0.32549156026559684,38.471114769278245,401195008.0,401244160.0,0.9998775010208248,-0.00012250648278790195,-0.012249897917515629
ordinal_vs_product_default,O/P,deployment,fixed_base_safe_ordinal,product_default_native,airfoil_self_noise,363612,4,0,12,1.5806765095796795,1.8173678966156066,0.8697614349429713,-0.13953631764591531,-13.023856505702868,1.572711302420309,1.852407057011304,0.8490095610830486,-0.16368483115228263,-15.09904389169514,20.618967056274414,22.266650199890137,0.9260021993059444,-0.076878669278363,-7.399780069405559,0.03208804130554199,0.034522056579589844,0.9294939086715103,-0.07311502518099239,-7.050609132848972,401195008.0,401981440.0,0.9980436111677196,-0.001958305060578292,-0.19563888322804424
fixed_base_vs_product_default,B/P,attribution_only,fixed_base_native,product_default_native,airfoil_self_noise,363612,4,0,12,1.7966539820296163,1.8173678966156066,0.988602244694338,-0.011463207532918004,-1.1397755305662005,1.8049575727936769,1.852407057011304,0.974384958188303,-0.025948819144524238,-2.561504181169705,13.817888975143433,22.266650199890137,0.6205643350525896,-0.47712599711328924,-37.94356649474104,0.023173093795776367,0.034522056579589844,0.6712547307936684,-0.3986065854465892,-32.874526920633166,401244160.0,401981440.0,0.9981658854697371,-0.0018357985777903989,-0.18341145302629425
ordinal_vs_fixed_base,O/B,primary_causal,fixed_base_safe_ordinal,fixed_base_native,airfoil_self_noise,363612,4,1,13,1.6100102686085698,1.7847241873910382,0.9021059276179417,-0.10302332943109825,-9.789407238205827,1.5510183131307327,1.7721497627473772,0.8752185316020793,-0.13328167340458624,-12.478146839792071,21.468733072280884,15.003563165664673,1.4309089671053348,0.35830988366983346,43.09089671053348,0.033179283142089844,0.0270998477935791,1.2243346676637488,0.20239756801125694,22.433466766374877,402505728.0,402522112.0,0.9999592966460437,-4.0704182360330445e-05,-0.0040703353956339505
ordinal_vs_product_default,O/P,deployment,fixed_base_safe_ordinal,product_default_native,airfoil_self_noise,363612,4,1,13,1.6100102686085698,1.8139548157779621,0.8875691139627834,-0.1192688857770146,-11.243088603721663,1.5510183131307327,1.8170393314619024,0.8535964446531039,-0.15829674412381126,-14.640355534689608,21.468733072280884,23.015567779541016,0.9327918076114053,-0.06957324600230064,-6.720819238859466,0.033179283142089844,0.038565874099731445,0.8603275283295313,-0.15044211534355045,-13.967247167046871,402505728.0,402161664.0,1.0008555365436325,0.0008551707808444717,0.08555365436324625
fixed_base_vs_product_default,B/P,attribution_only,fixed_base_native,product_default_native,airfoil_self_noise,363612,4,1,13,1.7847241873910382,1.8139548157779621,0.9838856910146422,-0.016245556345916345,-1.6114308985357817,1.7721497627473772,1.8170393314619024,0.9752952135172499,-0.025015070719225072,-2.4704786482750096,15.003563165664673,23.015567779541016,0.6518875966640992,-0.42788312967213415,-34.81124033359008,0.0270998477935791,0.038565874099731445,0.7026898372249732,-0.35283968335480737,-29.731016277502675,402522112.0,402161664.0,1.0008962763790434,0.0008958749632047383,0.0896276379043437
ordinal_vs_fixed_base,O/B,primary_causal,fixed_base_safe_ordinal,fixed_base_native,airfoil_self_noise,363612,4,2,14,1.5081266831981925,1.7766108776602267,0.8488784472514181,-0.16383927459171735,-15.112155274858186,1.5848546500527656,1.8537787269208057,0.8549319436226713,-0.1567334113156127,-14.506805637732867,20.039754152297974,12.725687026977539,1.5747483110196832,0.4540954569806268,57.47483110196831,0.03278994560241699,0.021914958953857422,1.4962357753649993,0.4029524709877121,49.62357753649993,403996672.0,403603456.0,1.0009742632134448,0.0009737889270684942,0.09742632134448481
ordinal_vs_product_default,O/P,deployment,fixed_base_safe_ordinal,product_default_native,airfoil_self_noise,363612,4,2,14,1.5081266831981925,1.8093987123769635,0.8334960519657952,-0.1821263134962135,-16.650394803420475,1.5848546500527656,1.8502529877829441,0.8565610543625223,-0.1548296802062406,-14.343894563747773,20.039754152297974,20.84750986099243,0.9612540915399281,-0.0395165016928733,-3.8745908460071865,0.03278994560241699,0.03626704216003418,0.9041251684580744,-0.10078746749104561,-9.587483154192554,403996672.0,403668992.0,1.000811754200828,0.0008114249065785707,0.08117542008279077
fixed_base_vs_product_default,B/P,attribution_only,fixed_base_native,product_default_native,airfoil_self_noise,363612,4,2,14,1.7766108776602267,1.8093987123769635,0.981879154388441,-0.01828703890449615,-1.8120845611559022,1.8537787269208057,1.8502529877829441,1.0019055443559026,0.0019037311093721828,0.1905544355902622,12.725687026977539,20.84750986099243,0.6104176043964102,-0.4936119586735001,-38.958239560358976,0.021914958953857422,0.03626704216003418,0.6042665088912993,-0.5037399384787576,-39.57334911087007,403603456.0,403668992.0,0.9998376491598344,-0.0001623640204898099,-0.016235084016558154
ordinal_vs_fixed_base,O/B,primary_causal,fixed_base_safe_ordinal,fixed_base_native,airfoil_self_noise,363612,5,0,15,1.5827395949649932,1.757291714977604,0.9006698099553521,-0.10461655917836264,-9.933019004464793,1.5558949921363814,1.7732164244611026,0.8774422403679419,-0.13074414875105744,-12.255775963205807,19.379312992095947,15.322314977645874,1.2647770927806232,0.2348958954118448,26.47770927806232,0.03017902374267578,0.026327133178710938,1.1463087734550461,0.13654701782588222,14.630877345504611,404422656.0,404373504.0,1.0001215509906405,0.00012154360391739112,0.012155099064048436
ordinal_vs_product_default,O/P,deployment,fixed_base_safe_ordinal,product_default_native,airfoil_self_noise,363612,5,0,15,1.5827395949649932,1.8052681426894166,0.8767337978983503,-0.13155186986074527,-12.326620210164974,1.5558949921363814,1.8165400187349414,0.8565156704997471,-0.154882665413648,-14.348432950025291,19.379312992095947,22.52186393737793,0.8604666579098493,-0.1502804114259829,-13.953334209015066,0.03017902374267578,0.03680086135864258,0.8200629721290021,-0.19837414639317386,-17.993702787099785,404422656.0,404275200.0,1.0003647416413375,0.0003646751392752449,0.03647416413374849
fixed_base_vs_product_default,B/P,attribution_only,fixed_base_native,product_default_native,airfoil_self_noise,363612,5,0,15,1.757291714977604,1.8052681426894166,0.9734242096355064,-0.02693531068238258,-2.6575790364493646,1.7732164244611026,1.8165400187349414,0.9761504872851577,-0.024138516662590637,-2.384951271484226,15.322314977645874,22.52186393737793,0.6803306786795973,-0.3851763068378276,-31.96693213204027,0.026327133178710938,0.03680086135864258,0.7153944828122368,-0.33492116421905593,-28.460551718776316,404373504.0,404275200.0,1.0002431610942248,0.0002431315353575835,0.02431610942248419
ordinal_vs_fixed_base,O/B,primary_causal,fixed_base_safe_ordinal,fixed_base_native,airfoil_self_noise,363612,5,1,16,1.4716170422895096,1.7224968554240847,0.8543510762620187,-0.15741307334496152,-14.564892373798132,1.6180942405014598,1.8348791512689937,0.8818533031902366,-0.12572955972209937,-11.814669680976342,20.126152992248535,16.020856142044067,1.256247032855554,0.22812873091643282,25.624703285555395,0.03182387351989746,0.02669072151184082,1.1923197170139974,0.17590075165035476,19.231971701399743,404865024.0,404668416.0,1.0004858496295397,0.0004857316428227405,0.04858496295396808
ordinal_vs_product_default,O/P,deployment,fixed_base_safe_ordinal,product_default_native,airfoil_self_noise,363612,5,1,16,1.4716170422895096,1.77995453474053,0.8267722650028431,-0.19022599672647406,-17.322773499715694,1.6180942405014598,1.8996989285037185,0.8517635169568358,-0.16044635293758894,-14.823648304316418,20.126152992248535,21.96464776992798,0.9162975524607981,-0.08741412812574707,-8.370244753920186,0.03182387351989746,0.035321712493896484,0.9009719878501519,-0.10428111192352939,-9.902801214984812,404865024.0,405028864.0,0.9995954856195137,-0.00040459621849879893,-0.04045143804862761
fixed_base_vs_product_default,B/P,attribution_only,fixed_base_native,product_default_native,airfoil_self_noise,363612,5,1,16,1.7224968554240847,1.77995453474053,0.9677195803628653,-0.03281292338151256,-3.2280419637134683,1.8348791512689937,1.8996989285037185,0.9658789209899805,-0.03471679321548954,-3.4121079010019484,16.020856142044067,21.96464776992798,0.7293928092932309,-0.31554285904217977,-27.06071907067691,0.02669072151184082,0.035321712493896484,0.7556463044211947,-0.28018186357388414,-24.435369557880527,404668416.0,405028864.0,0.9991100683629303,-0.0008903278613215092,-0.08899316370697408
ordinal_vs_fixed_base,O/B,primary_causal,fixed_base_safe_ordinal,fixed_base_native,airfoil_self_noise,363612,5,2,17,1.389926133951064,1.5855839121626416,0.876602066462246,-0.13170213363967062,-12.339793353775397,1.6021365139505326,1.842209623407178,0.8696819805920736,-0.13962767370871493,-13.031801940792642,22.819260835647583,17.565328121185303,1.2991081452173718,0.2616779868924137,29.910814521737183,0.03669309616088867,0.029563188552856445,1.241175189722332,0.21605866444800417,24.1175189722332,405307392.0,405585920.0,0.9993132700464553,-0.0006869658605683617,-0.06867299535446847
ordinal_vs_product_default,O/P,deployment,fixed_base_safe_ordinal,product_default_native,airfoil_self_noise,363612,5,2,17,1.389926133951064,1.6374402124287233,0.8488408452418941,-0.16388357167863446,-15.115915475810592,1.6021365139505326,1.9082714701481571,0.8395747350486478,-0.17485978314081863,-16.042526495135224,22.819260835647583,23.065051078796387,0.9893436072476441,-0.010713578732619713,-1.0656392752355859,0.03669309616088867,0.0392308235168457,0.9353129216146245,-0.06687413016114824,-6.468707838537546,405307392.0,405340160.0,0.9999191592562652,-8.084401152386106e-05,-0.008084074373482242
fixed_base_vs_product_default,B/P,attribution_only,fixed_base_native,product_default_native,airfoil_self_noise,363612,5,2,17,1.5855839121626416,1.6374402124287233,0.9683308740847606,-0.0321814380389638,-3.1669125915239404,1.842209623407178,1.9082714701481571,0.9653813161416441,-0.03523210943210368,-3.461868385835587,17.565328121185303,23.065051078796387,0.7615560035474208,-0.27239156562503347,-23.84439964525792,0.029563188552856445,0.0392308235168457,0.7535704301532702,-0.2829327946091525,-24.64295698467298,405585920.0,405340160.0,1.0006063055780112,0.0006061218490444405,0.060630557801122364
ordinal_vs_fixed_base,O/B,primary_causal,fixed_base_safe_ordinal,fixed_base_native,airfoil_self_noise,363612,6,0,18,1.5462987234194512,1.741668564855158,0.8878260506171826,-0.11897944412332648,-11.217394938281744,1.6421715477921834,1.8202722645736822,0.9021571002054405,-0.10296660534295439,-9.784289979455952,20.972168922424316,14.072870969772339,1.4902551844233665,0.3989473700069097,49.02551844233665,0.0350489616394043,0.024376869201660156,1.4377958608818122,0.36311128877771504,43.77958608818122,405635072.0,405831680.0,0.9995155429955591,-0.0004845743916496964,-0.04844570044408858
ordinal_vs_product_default,O/P,deployment,fixed_base_safe_ordinal,product_default_native,airfoil_self_noise,363612,6,0,18,1.5462987234194512,1.7992969681973712,0.85939050126262,-0.15153186045701383,-14.060949873738004,1.6421715477921834,1.8604470444940455,0.8826757808840386,-0.12479732487169011,-11.732421911596136,20.972168922424316,22.077958822250366,0.9499143055420673,-0.05138350314879918,-5.008569445793265,0.0350489616394043,0.03654193878173828,0.959143461126915,-0.041714620785365045,-4.085653887308505,405635072.0,405880832.0,0.9993945020788761,-0.0006056813090211605,-0.060549792112385425
fixed_base_vs_product_default,B/P,attribution_only,fixed_base_native,product_default_native,airfoil_self_noise,363612,6,0,18,1.741668564855158,1.7992969681973712,0.9679717109733429,-0.03255241633368738,-3.202828902665711,1.8202722645736822,1.8604470444940455,0.9784058460361665,-0.02183071952873569,-2.1594153963833462,14.072870969772339,22.077958822250366,0.6374172124820512,-0.4503308731557089,-36.25827875179488,0.024376869201660156,0.03654193878173828,0.667092935250672,-0.40482590956308,-33.2907064749328,405831680.0,405880832.0,0.9998789004157752,-0.00012110691737147608,-0.012109958422479306
ordinal_vs_fixed_base,O/B,primary_causal,fixed_base_safe_ordinal,fixed_base_native,airfoil_self_noise,363612,6,1,19,1.5155041873438113,1.6534430815196162,0.9165747549960834,-0.08711164929372912,-8.342524500391658,1.5393099124587382,1.827056348483452,0.8425081764645311,-0.17137191180030265,-15.749182353546887,21.45158100128174,13.836786031723022,1.5503297479704168,0.43846764893115253,55.032974797041675,0.034543752670288086,0.023287057876586914,1.483388449213191,0.3943289635926811,48.3388449213191,406241280.0,406814720.0,0.9985904148207813,-0.0014105795789781032,-0.1409585179218742
ordinal_vs_product_default,O/P,deployment,fixed_base_safe_ordinal,product_default_native,airfoil_self_noise,363612,6,1,19,1.5155041873438113,1.695665622956372,0.8937517909347885,-0.11232718113280732,-10.624820906521148,1.5393099124587382,1.899666572993551,0.8103053105961895,-0.2103441756726991,-18.969468940381052,21.45158100128174,21.568881034851074,0.9945616078377083,-0.005453234052083157,-0.5438392162291694,0.034543752670288086,0.038572072982788086,0.8955638107835805,-0.11030180286361403,-10.443618921641951,406241280.0,406192128.0,1.0001210067763795,0.00012099945565009639,0.01210067763794953
fixed_base_vs_product_default,B/P,attribution_only,fixed_base_native,product_default_native,airfoil_self_noise,363612,6,1,19,1.6534430815196162,1.695665622956372,0.9750997243412051,-0.025215531839078188,-2.4900275658794935,1.827056348483452,1.899666572993551,0.9617773847566958,-0.038972263872396384,-3.822261524330417,13.836786031723022,21.568881034851074,0.6415161736654532,-0.4439208829832358,-35.848382633454676,0.023287057876586914,0.038572072982788086,0.6037284510733514,-0.5046307664562951,-39.62715489266486,406814720.0,406192128.0,1.0015327525008066,0.0015315790346280595,0.15327525008066445
ordinal_vs_fixed_base,O/B,primary_causal,fixed_base_safe_ordinal,fixed_base_native,airfoil_self_noise,363612,6,2,20,1.336163823160273,1.567353889774948,0.8524965752004668,-0.15958608719269102,-14.750342479953316,1.5400699680750787,1.8239997956551277,0.8443366998963563,-0.1692039304125139,-15.566330010364371,22.086560010910034,18.3485848903656,1.2037200766641767,0.18541682539063187,20.37200766641767,0.03500223159790039,0.030582904815673828,1.1445031728955206,0.13497063270504311,14.45031728955206,407388160.0,406863872.0,1.0012886079007772,0.001287778358176548,0.12886079007772278
ordinal_vs_product_default,O/P,deployment,fixed_base_safe_ordinal,product_default_native,airfoil_self_noise,363612,6,2,20,1.336163823160273,1.6494967288540756,0.810043330057721,-0.21066753884797917,-18.9956669942279,1.5400699680750787,1.875484565210295,0.8211584337418385,-0.19703921160424354,-17.88415662581615,22.086560010910034,21.235631227493286,1.0400708024311078,0.03928879009667421,4.007080243110783,0.03500223159790039,0.03447604179382324,1.0152624772653402,0.015147177353951522,1.5262477265340246,407388160.0,407273472.0,1.0002815994850753,0.00028155984338221613,0.02815994850753345
fixed_base_vs_product_default,B/P,attribution_only,fixed_base_native,product_default_native,airfoil_self_noise,363612,6,2,20,1.567353889774948,1.6494967288540756,0.9502012719138926,-0.0510814516552882,-4.979872808610741,1.8239997956551277,1.875484565210295,0.9725485506464863,-0.027835281191729594,-2.7451449353513735,18.3485848903656,21.235631227493286,0.8640470675818719,-0.1461280352939576,-13.595293241812811,0.030582904815673828,0.03447604179382324,0.8870770315968548,-0.11982345535109151,-11.29229684031452,406863872.0,407273472.0,0.9989942875533028,-0.0010062185147943893,-0.10057124466972267
ordinal_vs_fixed_base,O/B,primary_causal,fixed_base_safe_ordinal,fixed_base_native,airfoil_self_noise,363612,7,0,21,1.3480338718133789,1.5529847868286515,0.8680277380992233,-0.141531608496869,-13.197226190077672,1.6725873010551457,1.884815428128381,0.8874011089329964,-0.11945819039533614,-11.25988910670036,20.0275559425354,17.182190895080566,1.165599664491534,0.15323568805696183,16.559966449153407,0.030966997146606445,0.039891958236694336,0.7762716726731572,-0.2532527264164253,-22.372832732684277,407912448.0,407781376.0,1.000321427136486,0.00032137548985072996,0.03214271364859744
ordinal_vs_product_default,O/P,deployment,fixed_base_safe_ordinal,product_default_native,airfoil_self_noise,363612,7,0,21,1.3480338718133789,1.613317948029932,0.8355661532554702,-0.1796457560374537,-16.443384674452975,1.6725873010551457,1.9305479835894819,0.8663795540296761,-0.14343218233918986,-13.362044597032385,20.0275559425354,23.116631746292114,0.8663699868709377,-0.14344322508773802,-13.363001312906231,0.030966997146606445,0.03791475296020508,0.8167532353200105,-0.20241826729666898,-18.324676467998945,407912448.0,407617536.0,1.0007235017484626,0.0007232401472442587,0.0723501748462585
fixed_base_vs_product_default,B/P,attribution_only,fixed_base_native,product_default_native,airfoil_self_noise,363612,7,0,21,1.5529847868286515,1.613317948029932,0.9626030558483807,-0.03811414754058476,-3.7396944151619316,1.884815428128381,1.9305479835894819,0.9763111013816554,-0.023973991943853742,-2.3688898618344556,17.182190895080566,23.116631746292114,0.7432826323340369,-0.29667891314469985,-25.67173676659631,0.039891958236694336,0.03791475296020508,1.0521487052431677,0.05083445911975629,5.214870524316773,407781376.0,407617536.0,1.0004019454158126,0.0004018646573935677,0.04019454158126212
ordinal_vs_fixed_base,O/B,primary_causal,fixed_base_safe_ordinal,fixed_base_native,airfoil_self_noise,363612,7,1,22,1.4962864226574033,1.77487660576004,0.8430368724233995,-0.17074458240729012,-15.696312757660047,1.552016926318963,1.8483685074361602,0.8396685618019637,-0.17474803429109623,-16.03314381980363,21.249703884124756,11.683644771575928,1.8187564154484754,0.5981529793257951,81.87564154484754,0.035163164138793945,0.023326873779296875,1.5074100572363043,0.41039298431442495,50.74100572363043,408092672.0,408027136.0,1.0001606167683905,0.00016060387089839327,0.01606167683905202
ordinal_vs_product_default,O/P,deployment,fixed_base_safe_ordinal,product_default_native,airfoil_self_noise,363612,7,1,22,1.4962864226574033,1.7973552975440419,0.8324933999983043,-0.18332998508892917,-16.75066000016957,1.552016926318963,1.8959251639923842,0.8186066390145752,-0.20015160475079086,-18.13933609854248,21.249703884124756,19.639153003692627,1.0820071456304305,0.07881778449715063,8.200714563043054,0.035163164138793945,0.029336929321289062,1.1985972953644106,0.18115195254383262,19.859729536441062,408092672.0,408584192.0,0.9987970166011709,-0.0012037075641888639,-0.12029833988290717
fixed_base_vs_product_default,B/P,attribution_only,fixed_base_native,product_default_native,airfoil_self_noise,363612,7,1,22,1.77487660576004,1.7973552975440419,0.9874934623027971,-0.0125854026816391,-1.250653769720289,1.8483685074361602,1.8959251639923842,0.9749163851720389,-0.025403570459694623,-2.5083614827961065,11.683644771575928,19.639153003692627,0.59491591971299,-0.5193351948286444,-40.508408028701005,0.023326873779296875,0.029336929321289062,0.7951368571614329,-0.2292410317705923,-20.48631428385671,408027136.0,408584192.0,0.9986366188146604,-0.0013643114350873685,-0.13633811853396294
ordinal_vs_fixed_base,O/B,primary_causal,fixed_base_safe_ordinal,fixed_base_native,airfoil_self_noise,363612,7,2,23,1.6219102805867853,1.7910768833568693,0.9055503399423989,-0.09921240967284552,-9.444966005760113,1.5522217823535192,1.751216104459704,0.8863679236392245,-0.12062315087400811,-11.363207636077554,17.80234169960022,16.334831953048706,1.089839292547948,0.0860302473415922,8.983929254794809,0.028841018676757812,0.0269010066986084,1.0721167055153282,0.06963492380821343,7.211670551532823,408715264.0,409059328.0,0.9991588897344494,-0.0008414641972676178,-0.08411102655505598
ordinal_vs_product_default,O/P,deployment,fixed_base_safe_ordinal,product_default_native,airfoil_self_noise,363612,7,2,23,1.6219102805867853,1.8453410417070346,0.8789216973608497,-0.12905946676569244,-12.107830263915032,1.5522217823535192,1.791502764585574,0.8664356053687657,-0.14336748837710725,-13.356439463123426,17.80234169960022,21.731419324874878,0.8191982968743676,-0.19942910370983657,-18.080170312563236,0.028841018676757812,0.03519296646118164,0.81951087324707,-0.1990476127385374,-18.048912675293003,408715264.0,408731648.0,0.999959915019842,-4.0085783582237954e-05,-0.004008498015795059
fixed_base_vs_product_default,B/P,attribution_only,fixed_base_native,product_default_native,airfoil_self_noise,363612,7,2,23,1.7910768833568693,1.8453410417070346,0.9705939676603257,-0.029847057092846994,-2.9406032339674315,1.751216104459704,1.791502764585574,0.9775123650812846,-0.022744337503099118,-2.2487634918715416,16.334831953048706,21.731419324874878,0.7516688951076027,-0.2854593510514289,-24.83311048923973,0.0269010066986084,0.03519296646118164,0.764385881715331,-0.2686825365467508,-23.561411828466905,409059328.0,408731648.0,1.0008016996031588,0.0008013784136854557,0.08016996031587897
ordinal_vs_fixed_base,O/B,primary_causal,fixed_base_safe_ordinal,fixed_base_native,airfoil_self_noise,363612,8,0,24,1.6558891288624598,1.818298332305756,0.9106806619366209,-0.09356297891884728,-8.931933806337911,1.489653092374833,1.7234226304757194,0.8643573932667006,-0.145768946093261,-13.564260673329942,20.297035932540894,16.915634870529175,1.199897969416618,0.18223652769293147,19.989796941661808,0.03338313102722168,0.028988122940063477,1.1516140971336926,0.1411645210266456,15.161409713369256,409108480.0,409321472.0,0.9994796461593883,-0.0005204892716547979,-0.05203538406116648
ordinal_vs_product_default,O/P,deployment,fixed_base_safe_ordinal,product_default_native,airfoil_self_noise,363612,8,0,24,1.6558891288624598,1.867573235597125,0.8866528483596613,-0.12030175055271543,-11.33471516403387,1.489653092374833,1.7689365285415921,0.8421178874083087,-0.17183526574166097,-15.788211259169127,20.297035932540894,23.714397192001343,0.8558950821396761,-0.1556074779462526,-14.410491786032386,0.03338313102722168,0.037550926208496094,0.8890095238095238,-0.11764733057901972,-11.099047619047619,409108480.0,409403392.0,0.9992796542340323,-0.0007206053396416469,-0.07203457659676893
fixed_base_vs_product_default,B/P,attribution_only,fixed_base_native,product_default_native,airfoil_self_noise,363612,8,0,24,1.818298332305756,1.867573235597125,0.9736155443052201,-0.02673877163386812,-2.6384455694779874,1.7234226304757194,1.7689365285415921,0.9742704741908423,-0.026066319648399932,-2.572952580915766,16.915634870529175,23.714397192001343,0.7133065510193389,-0.33784400563918415,-28.669344898066107,0.028988122940063477,0.037550926208496094,0.771968253968254,-0.2588118516056652,-22.803174603174604,409321472.0,409403392.0,0.9997999039538978,-0.00020011606798690465,-0.02000960461021606
ordinal_vs_fixed_base,O/B,primary_causal,fixed_base_safe_ordinal,fixed_base_native,airfoil_self_noise,363612,8,1,25,1.48332174839401,1.7082443125623805,0.8683311499916632,-0.141182127870935,-13.166885000833684,1.696363103904389,1.9260734311081293,0.8807364644080153,-0.12699683013546498,-11.926353559198466,18.782872915267944,11.984247922897339,1.5672967578867438,0.44935232507799416,56.729675788674385,0.03247690200805664,0.020385026931762695,1.5931743488380252,0.4657284717927925,59.31743488380252,409780224.0,409862144.0,0.9998001279181324,-0.00019989205895406541,-0.01998720818675581
ordinal_vs_product_default,O/P,deployment,fixed_base_safe_ordinal,product_default_native,airfoil_self_noise,363612,8,1,25,1.48332174839401,1.7383563990160935,0.8532897794914595,-0.15865607113765223,-14.671022050854054,1.696363103904389,1.9563323845797107,0.8671139512260477,-0.14258487920470256,-13.288604877395226,18.782872915267944,19.583930015563965,0.9590962028735093,-0.04176389330777414,-4.090379712649073,0.03247690200805664,0.03249216079711914,0.9995303855241338,-0.00046972477927895195,-0.04696144758662424,409780224.0,409632768.0,1.000359971202304,0.00035990642821473787,0.03599712023039103
fixed_base_vs_product_default,B/P,attribution_only,fixed_base_native,product_default_native,airfoil_self_noise,363612,8,1,25,1.7082443125623805,1.7383563990160935,0.982677840705878,-0.017473943266717196,-1.7322159294121953,1.9260734311081293,1.9563323845797107,0.984532815737198,-0.015588049069237506,-1.5467184262802025,11.984247922897339,19.583930015563965,0.6119429508465911,-0.4911162183857683,-38.80570491534089,0.020385026931762695,0.03249216079711914,0.6273829265787118,-0.4661981965720715,-37.26170734212882,409862144.0,409632768.0,1.0005599552035838,0.0005597984871688038,0.05599552035837618
ordinal_vs_fixed_base,O/B,primary_causal,fixed_base_safe_ordinal,fixed_base_native,airfoil_self_noise,363612,8,2,26,1.5017401817679874,1.7047946175341362,0.8808921416822324,-0.12682008768920347,-11.91078583177676,1.5417875375280696,1.8555176623453313,0.8309204319722217,-0.18522123844357238,-16.907956802777836,20.77334713935852,14.20245909690857,1.4626584732696204,0.38025565204478656,46.26584732696204,0.03474712371826172,0.02307605743408203,1.5057651775013432,0.40930119258629005,50.57651775013432,410484736.0,409927680.0,1.0013589128697042,0.0013579903832351052,0.1358912869704243
ordinal_vs_product_default,O/P,deployment,fixed_base_safe_ordinal,product_default_native,airfoil_self_noise,363612,8,2,26,1.5017401817679874,1.7675429781904604,0.8496201791400901,-0.1629658774346073,-15.037982085990986,1.5417875375280696,1.8973787276761054,0.8125881854997072,-0.2075308346682103,-18.741181450029277,20.77334713935852,23.150049924850464,0.8973348743001773,-0.10832615961350253,-10.266512569982266,0.03474712371826172,0.03655409812927246,0.9505671182306172,-0.05069650594266035,-4.943288176938276,410484736.0,409993216.0,1.0011988491048593,0.0011981310590996148,0.11988491048593453
fixed_base_vs_product_default,B/P,attribution_only,fixed_base_native,product_default_native,airfoil_self_noise,363612,8,2,26,1.7047946175341362,1.7675429781904604,0.9644996690713776,-0.036145789745403716,-3.550033092862237,1.8555176623453313,1.8973787276761054,0.9779374224448879,-0.022309596224637848,-2.2062577555112095,14.20245909690857,23.150049924850464,0.6134958301607338,-0.4885818116582891,-38.65041698392662,0.02307605743408203,0.03655409812927246,0.6312850983896321,-0.4599976985289504,-36.87149016103679,409927680.0,409993216.0,0.9998401534526854,-0.0001598593241355177,-0.015984654731460157
ordinal_vs_fixed_base,O/B,primary_causal,fixed_base_safe_ordinal,fixed_base_native,airfoil_self_noise,363612,9,0,27,1.6090145590276448,1.7530789196306396,0.917822090614524,-0.08575170821700455,-8.217790938547598,1.6216703486552324,1.854614153241001,0.8743976992849476,-0.1342199733161477,-12.560230071505242,20.944217920303345,13.803478717803955,1.5173144645986338,0.4169419726207568,51.731446459863385,0.03255200386047363,0.025511741638183594,1.2759616462935965,0.24370012670721544,27.596164629359656,410796032.0,410730496.0,1.0001595596154613,0.00015954688717980975,0.015955961546132436
ordinal_vs_product_default,O/P,deployment,fixed_base_safe_ordinal,product_default_native,airfoil_self_noise,363612,9,0,27,1.6090145590276448,1.7752741767329838,0.9063470759140402,-0.09833296030002722,-9.365292408595982,1.6216703486552324,1.8958832981143685,0.8553640143716302,-0.1562281528471808,-14.463598562836976,20.944217920303345,22.157529830932617,0.9452415535537065,-0.05631477192548893,-5.475844644629346,0.03255200386047363,0.03585100173950195,0.9079803152224513,-0.09653257988627066,-9.201968477754875,410796032.0,410599424.0,1.0004788316507722,0.0004787170474796659,0.04788316507722268
fixed_base_vs_product_default,B/P,attribution_only,fixed_base_native,product_default_native,airfoil_self_noise,363612,9,0,27,1.7530789196306396,1.7752741767329838,0.9874975610003014,-0.012581252083022772,-1.2502438999698606,1.854614153241001,1.8958832981143685,0.978232233537574,-0.022008179531033026,-2.1767766462425953,13.803478717803955,22.157529830932617,0.6229701064661937,-0.47325674454624567,-37.70298935338063,0.025511741638183594,0.03585100173950195,0.7116047083859812,-0.3402327065934861,-28.839529161401877,410730496.0,410599424.0,1.0003192211005147,0.0003191701602997429,0.031922110051474384
ordinal_vs_fixed_base,O/B,primary_causal,fixed_base_safe_ordinal,fixed_base_native,airfoil_self_noise,363612,9,1,28,1.440779472330055,1.6145761818828406,0.8923576902081436,-0.11388822878914283,-10.76423097918564,1.6499029572467674,1.8791539569618374,0.8780030774669914,-0.13010518026547374,-12.199692253300864,19.273351192474365,14.109457969665527,1.365988065162453,0.3118780240404833,36.5988065162453,0.029868125915527344,0.02334308624267578,1.2795277199003146,0.24649104101790037,27.952771990031454,411009024.0,410927104.0,1.0001993540927396,0.00019933422435300713,0.019935409273963423
ordinal_vs_product_default,O/P,deployment,fixed_base_safe_ordinal,product_default_native,airfoil_self_noise,363612,9,1,28,1.440779472330055,1.6733720523273605,0.8610036664148831,-0.1496565162418897,-13.899633358511688,1.6499029572467674,1.9639338827776873,0.8401010704663995,-0.17423307239907815,-15.989892953360052,19.273351192474365,19.733036041259766,0.9767048087367678,-0.023570813087597856,-2.3295191263232207,0.029868125915527344,0.030450105667114258,0.9808874308040433,-0.01929757543622012,-1.911256919595672,411009024.0,411074560.0,0.9998405739338382,-0.00015943877584795703,-0.01594260661618163
fixed_base_vs_product_default,B/P,attribution_only,fixed_base_native,product_default_native,airfoil_self_noise,363612,9,1,28,1.6145761818828406,1.6733720523273605,0.9648638386408178,-0.03576828745274683,-3.5136161359182183,1.8791539569618374,1.9639338827776873,0.9568315784154905,-0.04412789213360438,-4.316842158450951,14.109457969665527,19.733036041259766,0.7150170881036294,-0.33544883712808105,-28.498291189637058,0.02334308624267578,0.030450105667114258,0.7666011572460988,-0.2657886164541205,-23.339884275390123,410927104.0,411074560.0,0.9996412913511359,-0.0003587730002008802,-0.03587086488641145
ordinal_vs_fixed_base,O/B,primary_causal,fixed_base_safe_ordinal,fixed_base_native,airfoil_self_noise,363612,9,2,29,1.6733026203913257,1.8438901889583137,0.9074849632648896,-0.09707828238548566,-9.251503673511042,1.5814570180883625,1.822317804927407,0.8678272328856276,-0.1417626245873131,-13.217276711437243,21.80702304840088,15.469059705734253,1.4097187200277723,0.34339019514742597,40.97187200277723,0.03527688980102539,0.026214122772216797,1.3457207821737154,0.29692976703892887,34.57207821737154,411369472.0,411795456.0,0.9989655446805125,-0.0010349907376675162,-0.10344553194875372
ordinal_vs_product_default,O/P,deployment,fixed_base_safe_ordinal,product_default_native,airfoil_self_noise,363612,9,2,29,1.6733026203913257,1.8824882537182213,0.8888781202678318,-0.11779515042845629,-11.112187973216825,1.5814570180883625,1.8356799110364128,0.8615102276711643,-0.1490683511505966,-13.848977232883575,21.80702304840088,22.573746919631958,0.9660347095251487,-0.034555514229674504,-3.3965290474851306,0.03527688980102539,0.03740692138671875,0.9430578217417908,-0.058627681429123724,-5.694217825820925,411369472.0,411582464.0,0.9994825046773615,-0.0005176292695561891,-0.051749532263845044
fixed_base_vs_product_default,B/P,attribution_only,fixed_base_native,product_default_native,airfoil_self_noise,363612,9,2,29,1.8438901889583137,1.8824882537182213,0.979496252003873,-0.020716868042970633,-2.0503747996126975,1.822317804927407,1.8356799110364128,0.992720895386679,-0.007305726563283608,-0.7279104613321041,15.469059705734253,22.573746919631958,0.6852677032664483,-0.3779457093771004,-31.473229673355174,0.026214122772216797,0.03740692138671875,0.700782684070977,-0.3555574484680525,-29.9217315929023,411795456.0,411582464.0,1.0005174953226383,0.0005173614681112667,0.05174953226383394
ordinal_vs_fixed_base,O/B,primary_causal,fixed_base_safe_ordinal,fixed_base_native,diamonds,363631,0,1,1,529.8337715870862,738.2448229464248,0.7176938532023227,-0.3317121891608521,-28.23061467976773,537.0930360228637,759.5899347210161,0.7070828765261725,-0.34660739714632455,-29.29171234738275,12.69165825843811,10.756875991821289,1.179864699387432,0.16539977036736234,17.9864699387432,0.09246826171875,0.0666360855102539,1.3876604697093298,0.32761921379562425,38.766046970932976,455950336.0,455458816.0,1.0010791755099104,0.0010785936186240963,0.1079175509910435
ordinal_vs_product_default,O/P,deployment,fixed_base_safe_ordinal,product_default_native,diamonds,363631,0,1,1,529.8337715870862,749.9945229527533,0.7064501877975229,-0.34750258493763864,-29.354981220247712,537.0930360228637,774.2232469108233,0.6937185600740909,-0.36568893376054235,-30.628143992590907,12.69165825843811,11.46132493019104,1.1073465184645597,0.10196662955435581,10.734651846455968,0.09246826171875,0.07018899917602539,1.317418153902593,0.27567387722864023,31.74181539025931,455950336.0,454606848.0,1.002955274444084,0.0029509162049811415,0.2955274444083944
fixed_base_vs_product_default,B/P,attribution_only,fixed_base_native,product_default_native,diamonds,363631,0,1,1,738.2448229464248,749.9945229527533,0.9843336189175496,-0.015790395776786523,-1.5666381082450442,759.5899347210161,774.2232469108233,0.9810993634611276,-0.019081536614217784,-1.8900636538872417,10.756875991821289,11.46132493019104,0.938536867014902,-0.06343314081300658,-6.1463132985097975,0.0666360855102539,0.07018899917602539,0.9493807618361787,-0.05194533656698403,-5.06192381638213,455458816.0,454606848.0,1.0018740764767362,0.0018723225863571374,0.18740764767362084
ordinal_vs_fixed_base,O/B,primary_causal,fixed_base_safe_ordinal,fixed_base_native,diamonds,363631,0,2,2,528.9077735062472,636.5635463131094,0.8308797708722246,-0.1852701746513494,-16.912022912777537,540.6522424373348,691.177624862552,0.7822189593374775,-0.24562057847648844,-21.778104066252247,12.298871755599976,14.321144104003906,0.8587911458946536,-0.15222952288783834,-14.120885410534644,0.08674097061157227,0.07576918601989746,1.144805364396993,0.13523463513049602,14.48053643969931,457441280.0,458342400.0,0.9980339588918677,-0.0019679763038172003,-0.19660411081322549
ordinal_vs_product_default,O/P,deployment,fixed_base_safe_ordinal,product_default_native,diamonds,363631,0,2,2,528.9077735062472,628.1557002764574,0.8420010727809518,-0.17197399065398086,-15.799892721904818,540.6522424373348,684.3886561140457,0.7899783808620597,-0.23574969989291836,-21.002161913794026,12.298871755599976,17.984076023101807,0.6838756542065999,-0.3799791699813867,-31.61243457934001,0.08674097061157227,0.0900888442993164,0.9628380881808077,-0.037870014050113504,-3.716191181919226,457441280.0,458637312.0,0.9973922051941557,-0.002611201025822849,-0.2607794805844277
fixed_base_vs_product_default,B/P,attribution_only,fixed_base_native,product_default_native,diamonds,363631,0,2,2,636.5635463131094,628.1557002764574,1.0133849713262997,0.013296183997368528,1.3384971326299677,691.177624862552,684.3886561140457,1.0099197563955165,0.009870878583570056,0.9919756395516455,14.321144104003906,17.984076023101807,0.7963235968090544,-0.22774964709354834,-20.36764031909456,0.07576918601989746,0.0900888442993164,0.8410495950881279,-0.17310464918060947,-15.895040491187206,458342400.0,458637312.0,0.9993569821026685,-0.0006432247220056631,-0.06430178973314549
ordinal_vs_fixed_base,O/B,primary_causal,fixed_base_safe_ordinal,fixed_base_native,diamonds,363631,1,0,3,550.3917284520093,695.831600528298,0.7909840944764996,-0.23447741953738785,-20.901590552350036,531.4867512145498,688.8674509593579,0.7715370358613542,-0.2593706033261291,-22.846296413864575,13.499639987945557,11.906562089920044,1.1337983110485095,0.12557333326902193,13.379831104850947,0.09240198135375977,0.07222700119018555,1.2793273960031952,0.24633446795029404,27.932739600319522,459472896.0,463405056.0,0.9915146372507425,-0.008521568397273114,-0.8485362749257486
ordinal_vs_product_default,O/P,deployment,fixed_base_safe_ordinal,product_default_native,diamonds,363631,1,0,3,550.3917284520093,701.5334954249314,0.7845551667046591,-0.24263838843420554,-21.544483329534092,531.4867512145498,686.2082262758751,0.7745269305484501,-0.25550284820171104,-22.547306945154986,13.499639987945557,13.813103199005127,0.9773068218963175,-0.022954631311440963,-2.2693178103682543,0.09240198135375977,0.07837319374084473,1.1789998205164867,0.16466646932153836,17.899982051648667,459472896.0,459603968.0,0.9997148153429346,-0.00028522532994274625,-0.028518465706539597
fixed_base_vs_product_default,B/P,attribution_only,fixed_base_native,product_default_native,diamonds,363631,1,0,3,695.831600528298,701.5334954249314,0.9918722414056942,-0.008160968896817694,-0.8127758594305812,688.8674509593579,686.2082262758751,1.0038752445419006,0.00386775512441804,0.387524454190058,11.906562089920044,13.813103199005127,0.8619759020389858,-0.1485279645804628,-13.802409796101422,0.07222700119018555,0.07837319374084473,0.9215778730291037,-0.08166799862875584,-7.842212697089634,463405056.0,459603968.0,1.0082703550548981,0.008236343067330459,0.8270355054898149
ordinal_vs_fixed_base,O/B,primary_causal,fixed_base_safe_ordinal,fixed_base_native,diamonds,363631,1,2,5,522.5734574905249,683.0853319001639,0.7650192927388192,-0.26785422620717125,-23.49807072611808,538.633455128634,730.2133841881082,0.7376384311655921,-0.3043015051068387,-26.236156883440785,14.476151943206787,11.311331748962402,1.2797920054404466,0.24669756897800996,27.97920054404466,0.09166097640991211,0.07627320289611816,1.2017454745508935,0.18377506206892302,20.174547455089353,463667200.0,464863232.0,0.9974271314277658,-0.0025761840867221525,-0.2572868572234155
ordinal_vs_product_default,O/P,deployment,fixed_base_safe_ordinal,product_default_native,diamonds,363631,1,2,5,522.5734574905249,687.8690634677747,0.7596990259397041,-0.27483294263818475,-24.030097406029594,538.633455128634,732.9709966641816,0.7348632586828188,-0.308070839685783,-26.513674131718123,14.476151943206787,14.382658958435059,1.0065003964177914,0.006479359955347837,0.6500396417791432,0.09166097640991211,0.0796821117401123,1.150333172756133,0.14005161585586023,15.0333172756133,463667200.0,469221376.0,0.988162994517965,-0.011907620632550915,-1.1837005482035035
fixed_base_vs_product_default,B/P,attribution_only,fixed_base_native,product_default_native,diamonds,363631,1,2,5,683.0853319001639,687.8690634677747,0.9930455782623884,-0.006978716431013502,-0.6954421737611627,730.2133841881082,732.9709966641816,0.9962377604453334,-0.003769334578944378,-0.3762239554666591,11.311331748962402,14.382658958435059,0.7864562304961419,-0.24021820902266203,-21.354376950385813,0.07627320289611816,0.0796821117401123,0.9572186433121591,-0.04372344621306268,-4.278135668784088,464863232.0,469221376.0,0.9907119661999372,-0.009331436545828674,-0.9288033800062823
ordinal_vs_fixed_base,O/B,primary_causal,fixed_base_safe_ordinal,fixed_base_native,diamonds,363631,2,0,6,524.3046529836355,680.0599793738577,0.770968251162745,-0.26010808504392047,-22.903174883725498,541.4690811540435,746.0452974088489,0.7257857975040714,-0.3205003524518418,-27.421420249592863,14.526981115341187,12.242186784744263,1.1866328598616176,0.1711197669093542,18.66328598616176,0.09278512001037598,0.07612991333007812,1.2187734879991983,0.1978450153486837,21.877348799919826,470450176.0,473972736.0,0.9925680113381037,-0.00745974349085483,-0.7431988661896316
ordinal_vs_product_default,O/P,deployment,fixed_base_safe_ordinal,product_default_native,diamonds,363631,2,0,6,524.3046529836355,680.1197949147198,0.7709004456330786,-0.26019603744849434,-22.909955436692144,541.4690811540435,744.4499988639071,0.7273411001146759,-0.3183597228797682,-27.26588998853241,14.526981115341187,15.328220844268799,0.9477278063078537,-0.05368794210297894,-5.22721936921463,0.09278512001037598,0.0820622444152832,1.1306675886273438,0.12280824467454926,13.066758862734385,470450176.0,469499904.0,1.0020240089335566,0.0020219633871461245,0.2024008933556587
fixed_base_vs_product_default,B/P,attribution_only,fixed_base_native,product_default_native,diamonds,363631,2,0,6,680.0599793738577,680.1197949147198,0.9999120514631255,-8.795240457389236e-05,-0.008794853687454918,746.0452974088489,744.4499988639071,1.002142922355264,0.0021406295720736612,0.2142922355264032,12.242186784744263,15.328220844268799,0.7986697809955942,-0.22480770901233313,-20.133021900440585,0.07612991333007812,0.0820622444152832,0.9277093732023219,-0.07503677067413442,-7.2290626797678055,473972736.0,469499904.0,1.0095268006700167,0.009481706878000998,0.9526800670016655
ordinal_vs_fixed_base,O/B,primary_causal,fixed_base_safe_ordinal,fixed_base_native,diamonds,363631,2,1,7,518.2928640633573,645.8267039195182,0.8025262209162941,-0.21999075047275513,-19.747377908370588,547.64398100672,692.1138095013907,0.7912629014023734,-0.2341250005667902,-20.873709859762656,11.79981517791748,13.450598955154419,0.8772706120566965,-0.13093976857746442,-12.272938794330345,0.08490180969238281,0.0749669075012207,1.1325238364807877,0.12444862581870773,13.25238364807877,478740480.0,474284032.0,1.0093961586292663,0.009352289318672243,0.9396158629266349
ordinal_vs_product_default,O/P,deployment,fixed_base_safe_ordinal,product_default_native,diamonds,363631,2,1,7,518.2928640633573,644.8340275988065,0.8037616532014363,-0.21845250499552105,-19.623834679856365,547.64398100672,681.4147031128998,0.8036867688720593,-0.21854567666859365,-19.631323112794075,11.79981517791748,13.152627944946289,0.8971450593226422,-0.10853771391922257,-10.28549406773578,0.08490180969238281,0.0739142894744873,1.148652179382554,0.13858923709682244,14.865217938255393,478740480.0,474415104.0,1.0091172813924576,0.009075969891658509,0.9117281392457599
fixed_base_vs_product_default,B/P,attribution_only,fixed_base_native,product_default_native,diamonds,363631,2,1,7,645.8267039195182,644.8340275988065,1.0015394291836741,0.0015382454772341148,0.15394291836741125,692.1138095013907,681.4147031128998,1.015701314250506,0.015579323898196579,1.5701314250506027,13.450598955154419,13.152627944946289,1.0226548649787224,0.02240205465824177,2.2654864978722378,0.0749669075012207,0.0739142894744873,1.0142410626445475,0.014140611278114636,1.4241062644547497,474284032.0,474415104.0,0.9997237187456831,-0.0002763194270137293,-0.02762812543168902
