contrast,numerator_engine,denominator_engine,dataset,task_id,repeat,fold,registered_fold,numerator_test_rmse,denominator_test_rmse,test_rmse_ratio,test_rmse_log_ratio,test_rmse_pct,numerator_val_rmse,denominator_val_rmse,val_rmse_ratio,val_rmse_log_ratio,val_rmse_pct,numerator_train_time_s,denominator_train_time_s,train_time_s_ratio,train_time_s_log_ratio,train_time_s_pct,numerator_infer_time_s,denominator_infer_time_s,infer_time_s_ratio,infer_time_s_log_ratio,infer_time_s_pct,numerator_incremental_memory_bytes,denominator_incremental_memory_bytes,incremental_memory_bytes_ratio,incremental_memory_bytes_log_ratio,incremental_memory_bytes_pct,numerator_peak_memory_bytes,denominator_peak_memory_bytes,peak_memory_bytes_ratio,peak_memory_bytes_log_ratio,peak_memory_bytes_pct
D/M,darkofit,chimeraboost,airfoil_self_noise,363612,0,0,0,1.717421141504375,1.6287622711166145,1.0544332785452966,0.05300344586260196,5.443327854529656,2.045487755085872,1.9762911843246271,1.0350133478862287,0.034414323142606645,3.5013347886228674,2.922315835952759,2.1570236682891846,1.3547908068484737,0.30364705632321787,35.479080684847375,0.039977073669433594,0.024863004684448242,1.6078939040879145,0.47492518853516646,60.789390408791455,21594112.0,18366464.0,1.175735950044603,0.16189429199029257,17.573595004460294,411746304.0,404668416.0,1.0174905866634276,0.01733938685538343,1.749058666342762
D/M,darkofit,chimeraboost,airfoil_self_noise,363612,1,1,4,1.8074462096267834,1.7053864667191219,1.0598455217625875,0.058123163317479215,5.984552176258751,1.9154712426162275,1.818780849181965,1.0531622011952408,0.05179725851177461,5.316220119524084,3.082408905029297,3.9499928951263428,0.7803580884493475,-0.24800237689146798,-21.96419115506525,0.03948521614074707,0.02955794334411621,1.3358580358943335,0.2895738089102673,33.58580358943335,30441472.0,23724032.0,1.2831491712707181,0.2493173464281221,28.314917127071816,408109056.0,405356544.0,1.0067903480053353,0.006767397428675223,0.6790348005335289
D/M,darkofit,chimeraboost,airfoil_self_noise,363612,2,2,8,1.7144106242417545,1.559149757188179,1.0995804709187,0.09492871698272415,9.958047091870004,1.9715977822164585,1.8447179778502913,1.068780055211488,0.06651786270873183,6.878005521148789,2.9585928916931152,3.3518378734588623,0.882677803458332,-0.12479503346184302,-11.732219654166798,0.03877520561218262,0.032241106033325195,1.2026636298427114,0.18453878845372865,20.266362984271137,24231936.0,21643264.0,1.1196063588190766,0.11297715818847456,11.960635881907656,407109632.0,406847488.0,1.0006443298969072,0.0006441224055230074,0.06443298969072142
D/M,darkofit,chimeraboost,Another-Dataset-on-used-Fiat-500,363615,0,0,0,706.3896997840939,708.2550003417288,0.9973663432566874,-0.002637130918430528,-0.2633656743312618,752.2204709979825,754.4115903211676,0.997095591648781,-0.0029086343297827903,-0.2904408351218968,1.3986577987670898,0.884368896484375,1.5815321008316368,0.4583940612696395,58.15321008316368,0.014349937438964844,0.011008977890014648,1.3034759068760151,0.26503447081132797,30.34759068760151,21856256.0,13778944.0,1.5862068965517242,0.461345566502621,58.62068965517242,400801792.0,396705792.0,1.0103250320075992,0.010272092951101807,1.0325032007599155
D/M,darkofit,chimeraboost,Another-Dataset-on-used-Fiat-500,363615,1,1,4,761.8207118117978,764.8504057808215,0.996038841130076,-0.0039690250393564636,-0.39611588699239864,745.6546591795775,749.6541333599826,0.9946649074520816,-0.0053493749755303965,-0.5335092547918419,1.3483328819274902,0.9887359142303467,1.3636936440981429,0.3101969330935974,36.36936440981429,0.014813899993896484,0.010097026824951172,1.4671546635183,0.38332492204148977,46.715466351829996,19988480.0,12582912.0,1.5885416666666667,0.46281640457963014,58.85416666666667,402538496.0,397246464.0,1.0133217850367071,0.013233830339726978,1.3321785036707112
D/M,darkofit,chimeraboost,Another-Dataset-on-used-Fiat-500,363615,2,2,8,745.723617669763,741.3942741923962,1.0058394617116282,0.0058224781396257344,0.5839461711628191,751.6887060659154,756.5288750255498,0.9936021358610126,-0.006418418186661655,-0.6397864138987353,1.1895077228546143,0.6517980098724365,1.8249637231746274,0.6015601091243575,82.49637231746274,0.014494895935058594,0.010340213775634766,1.4017984782107447,0.33775603948693983,40.17984782107447,21774336.0,11026432.0,1.974739970282318,0.6804367290685176,97.4739970282318,400719872.0,397639680.0,1.007746188710342,0.007716341028668178,0.774618871034205
D/M,darkofit,chimeraboost,concrete_compressive_strength,363625,0,0,0,4.55293928064886,4.647179643839326,0.9797209554153132,-0.02048748723560069,-2.0279044584686767,4.446359626867563,4.509567277183815,0.9859836550978957,-0.014115501496723139,-1.401634490210435,2.756052017211914,2.260317802429199,1.2193205814907715,0.19829380320113127,21.93205814907715,0.0296633243560791,0.013073205947875977,2.2690168329290756,0.8193466244255747,126.90168329290756,23166976.0,14860288.0,1.5589856670341786,0.44403539634138145,55.89856670341786,417218560.0,397246464.0,1.0502763342406995,0.04905330501217637,5.027633424069955
D/M,darkofit,chimeraboost,concrete_compressive_strength,363625,1,1,4,4.140855125023732,4.293628219748127,0.9644186485402415,-0.036229795926944974,-3.5581351459758492,4.54440838207952,4.508405131961605,1.0079858063026936,0.007954088501122926,0.7985806302693632,3.485491991043091,3.333179235458374,1.045695939169551,0.044682634254008015,4.569593916955106,0.0377347469329834,0.018949031829833984,1.9913812627393743,0.6888284998381838,99.13812627393743,26476544.0,18300928.0,1.4467323187108325,0.36930744001183996,44.67323187108325,410173440.0,405700608.0,1.0110249575963168,0.01096462578340822,1.1024957596316831
D/M,darkofit,chimeraboost,concrete_compressive_strength,363625,2,2,8,4.808836880205022,4.899766239788061,0.9814421025140636,-0.018732255783863307,-1.8557897485936392,4.177814903251041,4.130909736687616,1.0113546820321075,0.011290701493676742,1.1354682032107544,3.115946054458618,3.95955491065979,0.7869435137949383,-0.23959880722582852,-21.30564862050617,0.03933906555175781,0.026609182357788086,1.4784018923544222,0.39096170190610186,47.840189235442224,35766272.0,20545536.0,1.740829346092504,0.5543616353570778,74.0829346092504,409714688.0,402833408.0,1.0170821979094644,0.016937937703458743,1.7082197909464414
D/M,darkofit,chimeraboost,diamonds,363631,0,0,0,732.9727881303509,706.2098115717038,1.0378966365520819,0.037196200355742746,3.7896636552081864,760.236000304443,714.0954920203558,1.064613919006188,0.06261221607100197,6.461391900618807,4.993181228637695,11.106215953826904,0.44958438134071926,-0.7994317200169249,-55.04156186592808,0.09923410415649414,0.1982557773590088,0.5005357497188968,-0.6920762547679368,-49.94642502811032,71385088.0,123305984.0,0.578926388519798,-0.5465799450359404,-42.107361148020196,497483776.0,546177024.0,0.9108471322294216,-0.09338019796563062,-8.91528677705784
D/M,darkofit,chimeraboost,diamonds,363631,1,1,4,666.0072451548741,704.6356243857872,0.9451796391012951,-0.05638027526693912,-5.4820360898704905,740.8248573429225,752.9643153611652,0.9838777777769988,-0.016253599220752594,-1.6122222223001192,4.573832273483276,10.443809986114502,0.43794671480660646,-0.8256580316990242,-56.205328519339346,0.12488198280334473,0.22020912170410156,0.5671063116592899,-0.5672084943127689,-43.289368834071006,84066304.0,115441664.0,0.7282145898382061,-0.31715950795921816,-27.17854101617939,499367936.0,539115520.0,0.9262726029478803,-0.07658670002679432,-7.3727397052119725
D/M,darkofit,chimeraboost,diamonds,363631,2,2,8,708.3799566053244,721.4187992620185,0.981926111892243,-0.018239215930785625,-1.8073888107757008,703.8380210807672,718.235612535748,0.9799542222584178,-0.020249420389764374,-2.0045777741582227,4.971304893493652,11.11587405204773,0.4472257305378388,-0.8046918218155802,-55.27742694621611,0.0968940258026123,0.14923906326293945,0.649253779031686,-0.43193160784522777,-35.0746220968314,65552384.0,131383296.0,0.498940017458536,-0.6952693959497936,-50.1059982541464,488931328.0,545013760.0,0.8970990530587705,-0.10858899597562098,-10.290094694122953
D/M,darkofit,chimeraboost,Food_Delivery_Time,363672,0,0,0,7.439806938171387,7.21052885055542,1.0317976798051791,0.031302601139296775,3.1797679805179113,7.415952205657959,7.213431358337402,1.02807552151813,0.02768862884638797,2.8075521518130087,5.189775228500366,5.457751989364624,0.9508997914550795,-0.05034659374996107,-4.910020854492048,0.1004018783569336,0.16130709648132324,0.622426914544076,-0.47412906389083803,-37.75730854559241,60456960.0,102137856.0,0.591915303176131,-0.5243917232927094,-40.80846968238691,577060864.0,521043968.0,1.107508961700522,0.10211331473332878,10.750896170052204
D/M,darkofit,chimeraboost,Food_Delivery_Time,363672,1,1,4,7.394894123077393,7.217979907989502,1.0245102116302742,0.024214656075424244,2.4510211630274226,7.432602405548096,7.2009453773498535,1.0321703632035462,0.031663734058655475,3.217036320354616,5.477666854858398,6.024537086486816,0.9092261822314844,-0.09516139041938153,-9.077381776851556,0.12622594833374023,0.15657591819763184,0.8061645097582405,-0.21546745090258398,-19.38354902417595,63864832.0,99418112.0,0.6423862887277522,-0.4425654604009167,-35.761371127224784,473989120.0,512491520.0,0.9248721227621484,-0.07809979668906658,-7.512787723785164
D/M,darkofit,chimeraboost,Food_Delivery_Time,363672,2,2,8,7.424627304077148,7.222924709320068,1.0279253353557478,0.02754253341831723,2.7925335355747816,7.406311988830566,7.207897663116455,1.0275273505518006,0.02715528557588387,2.7527350551800556,4.618734121322632,6.7475152015686035,0.6845088871009745,-0.3790536509909851,-31.549111289902555,0.0947871208190918,0.16086387634277344,0.5892380749119625,-0.5289249751102455,-41.07619250880376,59949056.0,106594304.0,0.5624039348293882,-0.5755349420140901,-43.75960651706118,472678400.0,523796480.0,0.9024085079762277,-0.10268797011764148,-9.759149202377227
D/M,darkofit,chimeraboost,healthcare_insurance_expenses,363675,0,0,0,4185.793884886339,4188.530387345144,0.9993466676362017,-0.0006535458783894622,-0.06533323637982758,4767.736396277614,4809.455106934287,0.9913256887258346,-0.008712152099858216,-0.8674311274165403,0.8785231113433838,0.807579755783081,1.0878468721538364,0.08420039602292992,8.784687215383634,0.00887918472290039,0.009956121444702148,0.8918317009506933,-0.11447784026794064,-10.81682990493067,17661952.0,12238848.0,1.4431057563587684,0.36679756633612515,44.31057563587684,399310848.0,392871936.0,1.016389340673089,0.016256485074256366,1.638934067308906
D/M,darkofit,chimeraboost,healthcare_insurance_expenses,363675,1,1,4,5100.281095330341,5108.991529493944,0.9982950775875594,-0.0017063774467056692,-0.17049224124405793,4273.292154254843,4286.369700495052,0.9969490391277499,-0.0030556245415695018,-0.3050960872250097,0.9658548831939697,0.7037830352783203,1.3723759095898207,0.31654347835772656,37.23759095898207,0.01075887680053711,0.009654998779296875,1.1143322797313315,0.10825537326955283,11.433227973133153,14991360.0,11993088.0,1.25,0.22314355131420976,25.0,399294464.0,394919936.0,1.0110769996681048,0.011016099025509117,1.1076999668104826
D/M,darkofit,chimeraboost,healthcare_insurance_expenses,363675,2,2,8,4676.137973235971,4689.5953459006205,0.9971303765736604,-0.0028737486895020767,-0.28696234263395626,4523.193223169776,4543.940761936442,0.9954340208524584,-0.004576435070152565,-0.45659791475416434,0.9710977077484131,0.7759370803833008,1.251516047240204,0.2243556542127624,25.151604724020405,0.011149883270263672,0.010020971298217773,1.1126549451595251,0.10674900190806805,11.265494515952511,17874944.0,10813440.0,1.653030303030303,0.5026101508125996,65.30303030303031,401113088.0,397361152.0,1.0094421308704078,0.009397832581239138,0.9442130870407794
D/M,darkofit,chimeraboost,houses,363678,0,0,0,0.21952056641181938,0.21319767255444405,1.0296574244062662,0.029226149254854988,2.9657424406266175,0.21740357804064056,0.21388109159889365,1.016469368168145,0.01633521902143052,1.6469368168144927,6.575852155685425,12.99910831451416,0.505869479396764,-0.6814765888246236,-49.4130520603236,0.25954604148864746,0.09493803977966309,2.7338466445169374,1.0057096447449803,173.38466445169374,37011456.0,68354048.0,0.5414669223394055,-0.6134732996526598,-45.853307766059444,472317952.0,462553088.0,1.0211107962595636,0.02089105068922563,2.111079625956358
D/M,darkofit,chimeraboost,houses,363678,1,1,4,0.21813647801838273,0.21070808787985992,1.035254413882576,0.03464720702544409,3.5254413882576108,0.2198783512716691,0.21759350209256473,1.0105005395709492,0.010445791825719898,1.0500539570949208,6.405106067657471,10.727467060089111,0.5970753423692419,-0.5157119719287692,-40.29246576307581,0.2461700439453125,0.06788301467895508,3.62638644010649,1.288236681421344,262.638644010649,41402368.0,69681152.0,0.5941688220079944,-0.5205917878654392,-40.583117799200565,435552256.0,463044608.0,0.9406269903050032,-0.06120861510826128,-5.937300969499681
D/M,darkofit,chimeraboost,houses,363678,2,2,8,0.21469684504779624,0.21223559574585832,1.0115967790100824,0.011530051753722917,1.159677901008238,0.22350086099600444,0.21967978129508603,1.0173938615488047,0.017244319919488653,1.7393861548804734,5.740702152252197,11.91831111907959,0.48167077490216853,-0.7304944379314333,-51.83292250978315,0.25042080879211426,0.0866389274597168,2.890395993285451,1.0613935146357778,189.0395993285451,40419328.0,64569344.0,0.6259832529814768,-0.4684316606656469,-37.401674701852315,432013312.0,460783616.0,0.9375622244346465,-0.06447215060985373,-6.2437775565353455
D/M,darkofit,chimeraboost,miami_housing,363686,0,0,0,83058.301430688,83669.1558619799,0.9926991682299322,-0.007327613273452179,-0.7300831770067795,86721.78399224706,85886.63206817195,1.0097238872216134,0.009676914489819038,0.9723887221613436,6.035514831542969,7.2917160987854,0.8277221369806649,-0.1890777642742575,-17.227786301933513,0.15291118621826172,0.0452730655670166,3.377531083949044,1.2171449940516272,237.7531083949044,52248576.0,60342272.0,0.8658702144990497,-0.1440202494350077,-13.412978550095033,444858368.0,451608576.0,0.9850529676389493,-0.015059865003091023,-1.494703236105066
D/M,darkofit,chimeraboost,miami_housing,363686,1,1,4,86801.06183379368,86307.04338387109,1.0057239644709566,0.005707644832064844,0.5723964470956577,83883.4155820482,81953.94998779622,1.0235432897931007,0.023270421065604268,2.354328979310072,5.463995933532715,8.576706647872925,0.6370738976933319,-0.45086962120076346,-36.29261023066681,0.15149807929992676,0.06660294532775879,2.274645341199128,0.8218241462717792,127.46453411991281,44023808.0,67092480.0,0.6561660561660562,-0.42134138767167856,-34.38339438339438,443580416.0,461914112.0,0.9603092966339162,-0.040499862416710185,-3.9690703366083824
D/M,darkofit,chimeraboost,miami_housing,363686,2,2,8,83266.13371363861,84651.0236640893,0.9836400094115083,-0.016495292961156042,-1.635999058849169,84071.22122382875,84287.05181253493,0.9974393387351331,-0.002563945365434266,-0.25606612648668703,5.198479890823364,7.20519495010376,0.7214905254920969,-0.3264360325355181,-27.850947450790308,0.1626591682434082,0.042024850845336914,3.8705471874734063,1.3533958891587592,287.05471874734064,50249728.0,59686912.0,0.8418885533900632,-0.1721076328943122,-15.811144660993682,448512000.0,457850880.0,0.9796027911969941,-0.020608104584996557,-2.0397208803005884
D/M,darkofit,chimeraboost,physiochemical_protein,363693,0,0,0,3.7963303562046535,3.4942804186058845,1.0864412415186981,0.08290743873532873,8.644124151869814,3.800423729084332,3.564006396496267,1.0663347105158072,0.06422726381060406,6.633471051580719,8.405407905578613,48.05441617965698,0.1749143694547037,-1.7434587422151429,-82.50856305452963,0.09873199462890625,0.3367428779602051,0.29319697933024735,-1.2269106114434225,-70.68030206697526,55558144.0,174014464.0,0.31927313812258734,-1.141708310195901,-68.07268618774127,590086144.0,600457216.0,0.9827280416928156,-0.017422858666433835,-1.727195830718442
D/M,darkofit,chimeraboost,physiochemical_protein,363693,1,1,4,3.750748839398654,3.448489293336257,1.0876498432651285,0.0840192613994206,8.764984326512849,3.840660646912716,3.635053457354382,1.0565623565018976,0.05502057810404944,5.656235650189756,8.459766864776611,34.734163999557495,0.2435575206267923,-1.4124021400160593,-75.64424793732076,0.10013389587402344,0.28998494148254395,0.34530722651352275,-1.0633207465876247,-65.46927734864772,59785216.0,168591360.0,0.3546161321671526,-1.0367193923916476,-64.53838678328474,480247808.0,584826880.0,0.8211794368959238,-0.19701363446270415,-17.882056310407624
D/M,darkofit,chimeraboost,physiochemical_protein,363693,2,2,8,3.7714579125730396,3.4639025477428005,1.0887886886513747,0.08506578347986071,8.878868865137468,3.807817441907135,3.583049295137241,1.0627309669099276,0.060841978813799484,6.273096690992763,8.745335102081299,37.446215867996216,0.2335438948733826,-1.4543852329306781,-76.64561051266175,0.1059868335723877,0.30299997329711914,0.34979156076841605,-1.050417842565124,-65.0208439231584,61227008.0,171704320.0,0.35658396946564885,-1.0311855283895492,-64.34160305343511,485048320.0,594051072.0,0.8165094599812455,-0.2027167806237371,-18.34905400187545
D/M,darkofit,chimeraboost,QSAR-TID-11,363697,0,0,0,0.8590087366959361,0.8529665594664211,1.00708372111715,0.007058749423706132,0.7083721117149944,0.7741902348780814,0.7648488587408199,1.0122133621963434,0.012139380853112289,1.2213362196343391,77.61168313026428,50.970860958099365,1.5226676903508658,0.4204638559823518,52.26676903508658,0.23839902877807617,0.20394110679626465,1.168960159739815,0.15611460127599538,16.89601597398149,171425792.0,226885632.0,0.7555603697284806,-0.28029559347499794,-24.443963027151938,592887808.0,660193280.0,0.8980518674773545,-0.10752745346444921,-10.194813252264545
D/M,darkofit,chimeraboost,QSAR-TID-11,363697,1,1,4,0.7756411776458209,0.7584517380592313,1.0226638541703061,0.022410844673704553,2.266385417030614,0.8152891994544772,0.8117666376786654,1.0043393773682112,0.004329989419010601,0.4339377368211217,89.15207290649414,51.96609902381897,1.7155813998205014,0.5397520318091492,71.55813998205014,0.22210407257080078,0.18956327438354492,1.1716619334260696,0.15842319683620476,17.16619334260696,146636800.0,250626048.0,0.5850820422305028,-0.5360031984543643,-41.49179577694972,588283904.0,683982848.0,0.8600857546650059,-0.15072317997901546,-13.991424533499409
D/M,darkofit,chimeraboost,QSAR-TID-11,363697,2,2,8,0.8324525198474737,0.8177095668452822,1.0180295713783436,0.017868966211680458,1.80295713783436,0.7915056584465789,0.7877107240075818,1.0048176752243385,0.004806107365634528,0.48176752243385135,77.5346839427948,55.69081497192383,1.3922346796663583,0.33091013941657976,39.22346796663583,0.22623109817504883,0.20001983642578125,1.1310433115917153,0.12314049135363754,13.104331159171533,151994368.0,242827264.0,0.6259361716483368,-0.4685068753036435,-37.40638283516632,582598656.0,680902656.0,0.8556269400129936,-0.15592081557837864,-14.437305998700644
D/M,darkofit,chimeraboost,QSAR_fish_toxicity,363698,0,0,0,0.9189476651732905,0.9206281315312792,0.9981746523917387,-0.0018270155852743643,-0.1825347608261252,0.8410743908544003,0.8592073936322523,0.9788956625463897,-0.02133021767115229,-2.110433745361029,1.3231139183044434,0.7217810153961182,1.8331237454040126,0.6060214763464872,83.31237454040125,0.00996708869934082,0.005957126617431641,1.6731369566957497,0.5147002815923838,67.31369566957497,13205504.0,12075008.0,1.0936227951153323,0.0894958503172916,9.362279511533234,396918784.0,396476416.0,1.0011157485846522,0.0011151265998096468,0.1115748584652243
D/M,darkofit,chimeraboost,QSAR_fish_toxicity,363698,1,1,4,0.8706495802242495,0.8689565656862198,1.0019483304515833,0.0019464349174941795,0.1948330451583269,0.9079775723797824,0.9033997147406582,1.0050673667086982,0.005054570815468565,0.5067366708698229,1.1616029739379883,1.0969221591949463,1.0589657289725212,0.057292704407725555,5.896572897252117,0.00923609733581543,0.005172014236450195,1.7857834324436455,0.5798572166716998,78.57834324436455,15433728.0,15187968.0,1.0161812297734627,0.016051709010507825,1.6181229773462702,397721600.0,400556032.0,0.9929237565445026,-0.0071013988067213955,-0.70762434554974
D/M,darkofit,chimeraboost,QSAR_fish_toxicity,363698,2,2,8,0.9141430164312552,0.9149264055099425,0.9991437682047762,-0.0008565985710456959,-0.08562317952237608,0.8909701955385073,0.8834268733148077,1.008538705864126,0.008502457312859668,0.8538705864125973,1.1482939720153809,0.9497816562652588,1.209008369913896,0.18980049461439566,20.900836991389603,0.008640766143798828,0.0056498050689697266,1.5293919061484575,0.4248702094395742,52.93919061484576,16826368.0,13418496.0,1.253968253968254,0.22631312607548879,25.396825396825395,397082624.0,395362304.0,1.0043512494301936,0.004341810116358552,0.43512494301936044
D/M,darkofit,chimeraboost,superconductivity,363705,0,0,0,9.59223384415053,9.33409752112856,1.0276551988489144,0.027279701090521313,2.765519884891443,9.891468611025106,9.621055178756382,1.0281064215145346,0.0277186845489113,2.8106421514534574,25.193526029586792,27.95385503768921,0.9012540844766934,-0.10396805838027309,-9.874591552330658,0.28482604026794434,0.12950897216796875,2.1992765095729014,0.7881284469931525,119.92765095729014,260898816.0,301629440.0,0.8649646931015752,-0.14506659010691575,-13.50353068984248,718864384.0,768475136.0,0.9354426061743135,-0.06673548611282623,-6.455739382568648
D/M,darkofit,chimeraboost,superconductivity,363705,1,1,4,9.82287412305558,9.529207297986709,1.0308175502836334,0.03035222553746851,3.081755028363342,9.644280329171766,9.36095328342487,1.030266900941443,0.029817895801523477,3.026690094144291,22.852584838867188,26.37671399116516,0.866392411371698,-0.1434173421383108,-13.360758862830203,0.28010010719299316,0.17740988731384277,1.578830308918965,0.45668426206272544,57.8830308918965,244908032.0,276987904.0,0.8841831302496155,-0.1230910768834985,-11.581686975038451,712065024.0,742014976.0,0.9596369979465212,-0.04120019316738881,-4.036300205347876
D/M,darkofit,chimeraboost,superconductivity,363705,2,2,8,9.633863542440631,9.348542086787228,1.0305204226503577,0.030063939347396894,3.0520422650357704,9.836917148833717,9.596840201299937,1.0250162493589567,0.02470846549784203,2.5016249358956744,27.29179883003235,29.750055074691772,0.9173696909640127,-0.08624473533734853,-8.263030903598734,0.2823982238769531,0.15064001083374023,1.8746561575107228,0.6284252599447702,87.46561575107228,238977024.0,327663616.0,0.7293364668233412,-0.31562010774190796,-27.066353317665882,700465152.0,785334272.0,0.8919324890993678,-0.11436483413255123,-10.806751090063216
D/M,darkofit,chimeraboost,wine_quality,363708,0,0,0,0.6270785927772522,0.6128178238868713,1.0232708128492904,0.023004176129077705,2.3270812849290445,0.6476104259490967,0.641016960144043,1.010285945949967,0.010233405585682623,1.0285945949966901,3.525930166244507,6.054813861846924,0.5823350224624376,-0.5407093568980084,-41.76649775375624,0.06815624237060547,0.03346395492553711,2.036706137163539,0.7113338642769699,103.67061371635388,30638080.0,42663936.0,0.7181259600614439,-0.33111029347982757,-28.187403993855607,438255616.0,433471488.0,1.0110367766564614,0.010976315891523621,1.1036776656461411
D/M,darkofit,chimeraboost,wine_quality,363708,1,1,4,0.6029829382896423,0.5934774875640869,1.016016531249686,0.015889619938965573,1.601653124968605,0.667305588722229,0.6557341814041138,1.017646490981052,0.017492599451863555,1.7646490981052088,3.454396963119507,5.0484137535095215,0.6842539323798694,-0.37942618408499523,-31.574606762013058,0.07265400886535645,0.0322422981262207,2.2533756303888075,0.8124293720931991,125.33756303888075,29360128.0,43565056.0,0.6739375705152313,-0.39461779770814404,-32.60624294847687,416661504.0,432160768.0,0.964135421010729,-0.036523516010836254,-3.586457898927098
D/M,darkofit,chimeraboost,wine_quality,363708,2,2,8,0.6325269341468811,0.6191759705543518,1.0215624704889243,0.02133328904821789,2.1562470488924346,0.639153242111206,0.6312447190284729,1.0125284582101612,0.01245062647779969,1.2528458210161242,3.973590850830078,6.253556966781616,0.6354129133127704,-0.45348023422957817,-36.45870866872296,0.10106992721557617,0.039459228515625,2.5613761600928076,0.9405446765927434,156.13761600928075,31178752.0,44744704.0,0.6968143537165873,-0.36123625417755556,-30.31856462834127,419840000.0,434601984.0,0.966033325793561,-0.034556946613588886,-3.396667420643895
D/C,darkofit,catboost,airfoil_self_noise,363612,0,0,0,1.717421141504375,1.4745877720958112,1.1646788166861224,0.15244535517547853,16.46788166861224,2.045487755085872,1.8219964967637527,1.1226628364648816,0.11570339600622345,12.266283646488162,2.922315835952759,94.65505409240723,0.030873320648043167,-3.4778628774795055,-96.91266793519569,0.039977073669433594,0.04923701286315918,0.8119313367067768,-0.20833950310185712,-18.806866329322325,21594112.0,211419136.0,0.10213887166769994,-2.2814219047425923,-89.78611283323,411746304.0,689455104.0,0.5972053896057603,-0.5154941885658619,-40.27946103942397
D/C,darkofit,catboost,airfoil_self_noise,363612,1,1,4,1.8074462096267834,1.5380519662021495,1.1751528877726014,0.16139825638488453,17.51528877726014,1.9154712426162275,1.7038489937137744,1.1242024672862547,0.11707386628744514,12.420246728625472,3.082408905029297,122.42623615264893,0.025177682512316647,-3.681797291443657,-97.48223174876833,0.03948521614074707,0.07021093368530273,0.5623798754439939,-0.5755777224758609,-43.762012455600605,30441472.0,238370816.0,0.12770637157192935,-2.058021622341605,-87.22936284280706,408109056.0,718913536.0,0.567674741903872,-0.5662066617736369,-43.232525809612795
D/C,darkofit,catboost,airfoil_self_noise,363612,2,2,8,1.7144106242417545,1.4507324102398316,1.1817552376584268,0.16700082280190884,18.175523765842684,1.9715977822164585,1.7476720901084681,1.128127978569534,0.12055960281886655,12.812797856953395,2.9585928916931152,128.98446393013,0.022937591098535437,-3.7749781815769596,-97.70624089014646,0.03877520561218262,0.060410261154174805,0.6418645586256162,-0.4433779654218999,-35.81354413743838,24231936.0,263962624.0,0.09180063310781454,-2.3881360847801867,-90.81993668921855,407109632.0,740442112.0,0.5498196623370876,-0.5981649411820453,-45.018033766291246
D/C,darkofit,catboost,Another-Dataset-on-used-Fiat-500,363615,0,0,0,706.3896997840939,699.1124531364128,1.0104092647971485,0.01035546144712958,1.0409264797148543,752.2204709979825,741.5103212271322,1.014443696148593,0.014340379629349163,1.4443696148592977,1.3986577987670898,6.694722890853882,0.2089194461921481,-1.565806526230552,-79.10805538078519,0.014349937438964844,0.013797760009765625,1.040019353055018,0.039239321686889456,4.001935305501791,21856256.0,32571392.0,0.6710261569416499,-0.3989471607409503,-32.89738430583501,400801792.0,516292608.0,0.7763074384361514,-0.25320665370715784,-22.369256156384864
D/C,darkofit,catboost,Another-Dataset-on-used-Fiat-500,363615,1,1,4,761.8207118117978,748.332592830932,1.0180242302822071,0.017863719693997932,1.802423028220712,745.6546591795775,729.1512185568638,1.0226337695154337,0.022381426309818347,2.263376951543372,1.3483328819274902,8.361255168914795,0.16125962605952737,-1.824739628594827,-83.87403739404726,0.014813899993896484,0.014689207077026367,1.008488743893136,0.008452917113487396,0.848874389313603,19988480.0,41271296.0,0.48431917427550614,-0.725011138625308,-51.568082572449384,402538496.0,513687552.0,0.7836251714349504,-0.2438244706163578,-21.637482856504963
D/C,darkofit,catboost,Another-Dataset-on-used-Fiat-500,363615,2,2,8,745.723617669763,739.827361351747,1.0079697732552673,0.007938182349629033,0.7969773255267265,751.6887060659154,735.860336448835,1.0215100187264692,0.021281943084975215,2.1510018726469182,1.1895077228546143,4.748887062072754,0.25048136696167883,-1.3843707446103104,-74.95186330383213,0.014494895935058594,0.012879133224487305,1.1254558581239935,0.11818816080343555,12.545585812399352,21774336.0,23969792.0,0.9084073820915927,-0.09606234230687893,-9.159261790840734,400719872.0,498630656.0,0.8036406650456726,-0.2186030437307447,-19.635933495432745
D/C,darkofit,catboost,concrete_compressive_strength,363625,0,0,0,4.55293928064886,4.542078489326441,1.0023911500754425,0.0023882958251559487,0.23911500754425496,4.446359626867563,4.338947664842935,1.0247553025114713,0.024453854832905218,2.475530251147129,2.756052017211914,27.918498992919922,0.09871777196585116,-2.31549028830735,-90.12822280341489,0.0296633243560791,0.017576932907104492,1.6876280129674592,0.5233240004236308,68.76280129674592,23166976.0,78004224.0,0.2969964293215711,-1.2140351627380006,-70.3003570678429,417218560.0,551813120.0,0.7560866983372921,-0.2795992290375581,-24.391330166270787
D/C,darkofit,catboost,concrete_compressive_strength,363625,1,1,4,4.140855125023732,4.20074860530889,0.9857421888542759,-0.014360430319426899,-1.4257811145724109,4.54440838207952,4.304593360698958,1.0557114229581075,0.05421487422409106,5.571142295810749,3.485491991043091,49.91876006126404,0.06982328861464977,-2.6617876770874993,-93.01767113853502,0.0377347469329834,0.028313159942626953,1.3327635279653738,0.2872546270840551,33.27635279653738,26476544.0,93782016.0,0.28232005590496156,-1.2647139015953008,-71.76799440950384,410173440.0,569425920.0,0.7203280103582218,-0.32804860077054115,-27.96719896417782
D/C,darkofit,catboost,concrete_compressive_strength,363625,2,2,8,4.808836880205022,4.827947956872789,0.9960415735963845,-0.003966281710032764,-0.3958426403615545,4.177814903251041,3.985771812284294,1.0481821589421811,0.04705738657916114,4.818215894218114,3.115946054458618,111.68046808242798,0.02790054615601031,-3.579109014862174,-97.20994538439896,0.03933906555175781,0.046475887298583984,0.8464403336513897,-0.16671556583367056,-15.35596663486103,35766272.0,101351424.0,0.3528936307791788,-1.041588596695071,-64.71063692208212,409714688.0,576831488.0,0.7102848865282472,-0.3420891407941467,-28.971511347175284
D/C,darkofit,catboost,diamonds,363631,0,0,0,732.9727881303509,530.3616980101332,1.382024363524733,0.3235493543686192,38.20243635247329,760.236000304443,535.3401075264616,1.4200990914301428,0.35072665187575386,42.009909143014276,4.993181228637695,90.31764197349548,0.055284672180690775,-2.895259584630191,-94.47153278193092,0.09923410415649414,0.0950009822845459,1.0445587168695714,0.04359451572366514,4.455871686957136,71385088.0,288653312.0,0.24730389374503348,-1.397137359552299,-75.26961062549665,497483776.0,929431552.0,0.5352559582569454,-0.6250102198471739,-46.47440417430546
D/C,darkofit,catboost,diamonds,363631,1,1,4,666.0072451548741,507.7553283310696,1.3116696329784652,0.2713008546816465,31.166963297846518,740.8248573429225,535.1087593145967,1.3844379192966696,0.32529422282337916,38.44379192966696,4.573832273483276,99.42752003669739,0.04600167309609186,-3.0790775115003037,-95.39983269039082,0.12488198280334473,0.09928512573242188,1.2578115994928343,0.22937338513342673,25.781159949283428,84066304.0,328433664.0,0.255961289035219,-1.3627290606428468,-74.4038710964781,499367936.0,841547776.0,0.5933922591698466,-0.5218996160877394,-40.66077408301534
D/C,darkofit,catboost,diamonds,363631,2,2,8,708.3799566053244,538.9615914189844,1.31434218668587,0.2733363022071309,31.434218668587,703.8380210807672,525.151981591028,1.3402558606908095,0.29286053654997984,34.02558606908095,4.971304893493652,105.3862612247467,0.047172229432182335,-3.053949919029653,-95.28277705678177,0.0968940258026123,0.12149357795715332,0.797523848024161,-0.22624354129166574,-20.2476151975839,65552384.0,312377344.0,0.20984999475506136,-1.5613623141962885,-79.01500052449386,488931328.0,828047360.0,0.5904629996042738,-0.5268483047418183,-40.95370003957262
D/C,darkofit,catboost,Food_Delivery_Time,363672,0,0,0,7.439806938171387,7.418807029724121,1.0028306314429163,0.0028266327498404223,0.2830631442916287,7.415952205657959,7.395001411437988,1.002833102125926,0.002829096455962626,0.28331021259260236,5.189775228500366,72.41603684425354,0.07166610401038803,-2.635737390571245,-92.83338959896119,0.1004018783569336,0.13572001457214355,0.7397720864785481,-0.3014131314681713,-26.02279135214519,60456960.0,374996992.0,0.16121985319818247,-1.8249862976953732,-83.87801468018175,577060864.0,880164864.0,0.6556281528638708,-0.4221614908991982,-34.43718471361292
D/C,darkofit,catboost,Food_Delivery_Time,363672,1,1,4,7.394894123077393,7.3681864738464355,1.0036247249341146,0.0036181714503003967,0.3624724934114587,7.432602405548096,7.407313823699951,1.0034140016813158,0.0034081872075663756,0.34140016813157814,5.477666854858398,70.00067400932312,0.07825163017900155,-2.547825616820391,-92.17483698209985,0.12622594833374023,0.164320707321167,0.7681682387541696,-0.26374650894697044,-23.18317612458304,63864832.0,393084928.0,0.1624708236078693,-1.817256840361339,-83.75291763921307,473989120.0,897417216.0,0.5281702997772666,-0.638336509822955,-47.18297002227334
D/C,darkofit,catboost,Food_Delivery_Time,363672,2,2,8,7.424627304077148,7.400493621826172,1.0032610908791002,0.0032557850542945816,0.32610908791002036,7.406311988830566,7.382925033569336,1.0031677086188595,0.003162702000132396,0.31677086188595105,4.618734121322632,77.18510007858276,0.05983971150675794,-2.8160857664044427,-94.0160288493242,0.0947871208190918,0.1414499282836914,0.6701107732553043,-0.4003122470462832,-32.98892267446957,59949056.0,402767872.0,0.14884269617215148,-1.9048652611007875,-85.11573038278485,472678400.0,907051008.0,0.5211155666341534,-0.6517834448703652,-47.888443336584665
D/C,darkofit,catboost,healthcare_insurance_expenses,363675,0,0,0,4185.793884886339,4110.344471234632,1.0183559831006193,0.018189545705434185,1.8355983100619255,4767.736396277614,4754.0552569285765,1.002877782989396,0.0028736500990713667,0.2877782989396005,0.8785231113433838,2.4817023277282715,0.35400019636826313,-1.0384578111359088,-64.5999803631737,0.00887918472290039,0.010401248931884766,0.8536652454958052,-0.15821614623640412,-14.633475450419475,17661952.0,26460160.0,0.6674922600619195,-0.4042274841878144,-33.250773993808046,399310848.0,499679232.0,0.7991343694668502,-0.22422617530657257,-20.086563053314975
D/C,darkofit,catboost,healthcare_insurance_expenses,363675,1,1,4,5100.281095330341,5098.499658199951,1.00034940418747,0.00034934316004206056,0.03494041874700926,4273.292154254843,4243.973094654044,1.006908399027725,0.006884645376213434,0.6908399027724998,0.9658548831939697,2.195931911468506,0.4398382655444288,-0.8213481979514125,-56.016173445557115,0.01075887680053711,0.009714365005493164,1.107522395385937,0.10212544430013798,10.752239538593699,14991360.0,25395200.0,0.5903225806451613,-0.5270861446377709,-40.96774193548387,399294464.0,491356160.0,0.8126375458486162,-0.2074700919074084,-18.736245415138374
D/C,darkofit,catboost,healthcare_insurance_expenses,363675,2,2,8,4676.137973235971,4629.589420567522,1.010054574701949,0.01000436375173,1.0054574701948926,4523.193223169776,4451.249181728748,1.0161626632218972,0.016033437937752845,1.6162663221897189,0.9710977077484131,2.4706947803497314,0.39304640762261717,-0.9338275885306927,-60.69535923773828,0.011149883270263672,0.010949134826660156,1.0183346398397353,0.018168586939636012,1.8334639839735267,17874944.0,27279360.0,0.6552552552552553,-0.4227304165814733,-34.47447447447447,401113088.0,500973568.0,0.8006671681329104,-0.2223099386996351,-19.933283186708962
D/C,darkofit,catboost,houses,363678,0,0,0,0.21952056641181938,0.21331461661293485,1.0290929421406945,0.02867777555312823,2.9092942140694467,0.21740357804064056,0.2106886766277911,1.0318712021942793,0.03137385519538358,3.1871202194279302,6.575852155685425,167.11663699150085,0.039348877969701226,-3.2352878186370457,-96.06511220302988,0.25954604148864746,0.08918285369873047,2.910268406138053,1.068245312716215,191.0268406138053,37011456.0,190529536.0,0.1942557399604437,-1.63857974082504,-80.57442600395564,472317952.0,675823616.0,0.6988775485466314,-0.35827973300040067,-30.112245145336857
D/C,darkofit,catboost,houses,363678,1,1,4,0.21813647801838273,0.2106063246544923,1.0357546402096136,0.035130282013239894,3.575464020961361,0.2198783512716691,0.21370350501863156,1.0288944547376477,0.02848488087946477,2.8894454737647735,6.405106067657471,173.43752908706665,0.03693033509744059,-3.2987219763044973,-96.30696649025595,0.2461700439453125,0.09343099594116211,2.6347791914830636,0.9687993801834045,163.47791914830637,41402368.0,174391296.0,0.23741074783915822,-1.4379635247093856,-76.25892521608418,435552256.0,661913600.0,0.658019801980198,-0.4185202539148112,-34.198019801980195
D/C,darkofit,catboost,houses,363678,2,2,8,0.21469684504779624,0.20867992214997869,1.0288332621357468,0.028425404981446564,2.8833262135746773,0.22350086099600444,0.21752308328251307,1.0274811188922308,0.02711029144543141,2.7481118892230816,5.740702152252197,180.9838559627533,0.03171941564463982,-3.450826304685314,-96.82805843553601,0.25042080879211426,0.09447503089904785,2.6506560136477084,0.9748071616820012,165.06560136477083,40419328.0,162660352.0,0.24848912167606768,-1.3923562103550864,-75.15108783239324,432013312.0,651411456.0,0.6631957544203828,-0.41068507683959016,-33.68042455796172
D/C,darkofit,catboost,miami_housing,363686,0,0,0,83058.301430688,81043.44538692867,1.024861431225434,0.024557414403151418,2.486143122543405,86721.78399224706,84155.52329064306,1.0304942634928553,0.030038554610762408,3.0494263492855334,6.035514831542969,51.36530900001526,0.11750177209176675,-2.1413018638795926,-88.24982279082333,0.15291118621826172,0.042388916015625,3.607338912886969,1.282970357276511,260.7338912886969,52248576.0,66502656.0,0.7856614929785661,-0.24122924982884014,-21.43385070214339,444858368.0,594788352.0,0.7479271685535631,-0.2904496739921546,-25.20728314464369
D/C,darkofit,catboost,miami_housing,363686,1,1,4,86801.06183379368,83847.26355435576,1.0352283205703314,0.0346220019736831,3.522832057033143,83883.4155820482,81379.19798475962,1.030772207877467,0.03030823773049169,3.077220787746704,5.463995933532715,83.31540203094482,0.0655820628639983,-2.724453052372671,-93.44179371360018,0.15149807929992676,0.06887292861938477,2.199675290957303,0.7883097544516457,119.96752909573031,44023808.0,132759552.0,0.3316055781809206,-1.1038090338452342,-66.83944218190794,443580416.0,612532224.0,0.7241748248007276,-0.3227224450265454,-27.58251751992724
D/C,darkofit,catboost,miami_housing,363686,2,2,8,83266.13371363861,81584.38735030356,1.0206135808327401,0.020403996273623493,2.061358083274012,84071.22122382875,82332.02224807868,1.0211242105836973,0.020904187594712954,2.112421058369729,5.198479890823364,88.14286804199219,0.05897788449936476,-2.8305927443399312,-94.10221155006352,0.1626591682434082,0.05153989791870117,3.155985456160315,1.1493007946587874,215.59854561603152,50249728.0,106053632.0,0.4738143055770122,-0.7469397944312587,-52.61856944229878,448512000.0,590774272.0,0.7591935215486161,-0.27549856498334363,-24.080647845138394
D/C,darkofit,catboost,physiochemical_protein,363693,0,0,0,3.7963303562046535,3.5565968046197383,1.0674053216472332,0.06523077052194895,6.740532164723323,3.800423729084332,3.592784198810144,1.0577934879425694,0.056185123403310756,5.779348794256944,8.405407905578613,255.6712028980255,0.032875849177786014,-3.4150169583148133,-96.7124150822214,0.09873199462890625,0.19376707077026367,0.5095395942996218,-0.6742477172688688,-49.04604057003782,55558144.0,172212224.0,0.32261440395775853,-1.1312974646977159,-67.73855960422415,590086144.0,679313408.0,0.8686508127924365,-0.14081406094654417,-13.13491872075635
D/C,darkofit,catboost,physiochemical_protein,363693,1,1,4,3.750748839398654,3.489421664329434,1.0748912571216696,0.07221950029710733,7.489125712166955,3.840660646912716,3.636231379664306,1.0562200932514043,0.05469658520688467,5.622009325140431,8.459766864776611,256.83800077438354,0.03293814326256183,-3.4131239230781114,-96.70618567374382,0.10013389587402344,0.21567201614379883,0.4642878462603113,-0.7672505607789243,-53.57121537396887,59785216.0,167165952.0,0.357639909830442,-1.0282286372388576,-64.23600901695579,480247808.0,695418880.0,0.690587819531158,-0.3702121316982113,-30.9412180468842
D/C,darkofit,catboost,physiochemical_protein,363693,2,2,8,3.7714579125730396,3.5254285450451763,1.0697870810269707,0.06745963897831883,6.978708102697073,3.807817441907135,3.5931695088431046,1.0597377698257104,0.05802149056189796,5.973776982571044,8.745335102081299,258.5022509098053,0.033830788982694995,-3.3863839744781745,-96.6169211017305,0.1059868335723877,0.1859889030456543,0.5698556840585878,-0.5623721360726194,-43.01443159414122,61227008.0,153976832.0,0.39763779527559057,-0.9222137501772771,-60.23622047244095,485048320.0,669286400.0,0.7247246022031824,-0.3219635553222725,-27.527539779681764
D/C,darkofit,catboost,QSAR-TID-11,363697,0,0,0,0.8590087366959361,0.8479125899121617,1.0130864276763762,0.01300154016254293,1.3086427676376244,0.7741902348780814,0.7523881960460376,1.028977114402669,0.028565215985216948,2.8977114402668924,77.61168313026428,270.92320370674133,0.28647115517751826,-1.2501174279045772,-71.35288448224817,0.23839902877807617,0.17252683639526367,1.3818083827370342,0.3233930635884116,38.18083827370342,171425792.0,343998464.0,0.4983330158125357,-0.6964867189911431,-50.166698418746435,592887808.0,875216896.0,0.6774181471012186,-0.3894665496138946,-32.25818528987814
D/C,darkofit,catboost,QSAR-TID-11,363697,1,1,4,0.7756411776458209,0.7569452067545476,1.0246992394224061,0.02439914457909669,2.469923942240615,0.8152891994544772,0.812650241314546,1.003247348005044,0.0032420867575018025,0.3247348005043893,89.15207290649414,254.0586850643158,0.3509113372129947,-1.047221687957938,-64.90886627870053,0.22210407257080078,0.15893125534057617,1.3974851711505747,0.3346743150073317,39.74851711505747,146636800.0,276414464.0,0.5304961175982456,-0.6339426393370737,-46.95038824017544,588283904.0,814366720.0,0.7223820541193039,-0.32520111921547135,-27.76179458806961
D/C,darkofit,catboost,QSAR-TID-11,363697,2,2,8,0.8324525198474737,0.8129106746527611,1.0240393511907813,0.023754954776192216,2.4039351190781266,0.7915056584465789,0.7754497717396546,1.0207052568613237,0.020493816665178608,2.070525686132374,77.5346839427948,285.6826548576355,0.27140144010994555,-1.3041562253686756,-72.85985598900544,0.22623109817504883,0.16703581809997559,1.35438674619861,0.30334876605250066,35.43867461986101,151994368.0,299630592.0,0.5072725284339458,-0.6787068883813203,-49.272747156605426,582598656.0,822378496.0,0.7084312866079611,-0.34470220887654696,-29.156871339203892
D/C,darkofit,catboost,QSAR_fish_toxicity,363698,0,0,0,0.9189476651732905,0.9175828088788084,1.0014874475429087,0.0014863423885826197,0.14874475429087486,0.8410743908544003,0.8391131131749131,1.0023373221663363,0.00233459487775634,0.23373221663363086,1.3231139183044434,2.39870285987854,0.5515955896143969,-0.5949401287178762,-44.84044103856031,0.00996708869934082,0.006627082824707031,1.5039933803424954,0.40812382414994036,50.39933803424954,13205504.0,18022400.0,0.7327272727272728,-0.31098171627983356,-26.727272727272723,396918784.0,499777536.0,0.7941909257802255,-0.23043138596065216,-20.580907421977447
D/C,darkofit,catboost,QSAR_fish_toxicity,363698,1,1,4,0.8706495802242495,0.8717139289041058,0.9987790160916732,-0.0012217299164834709,-0.12209839083268115,0.9079775723797824,0.8835282046938753,1.0276724246673916,0.027296463205018776,2.7672424667391615,1.1616029739379883,2.6027297973632812,0.44630179249292823,-0.8067598910141129,-55.36982075070718,0.00923609733581543,0.007091045379638672,1.3025015130119024,0.26428665626613246,30.250151301190243,15433728.0,22315008.0,0.6916299559471366,-0.36870421213309457,-30.83700440528634,397721600.0,503595008.0,0.7897647786055894,-0.2360201264575051,-21.023522139441063
D/C,darkofit,catboost,QSAR_fish_toxicity,363698,2,2,8,0.9141430164312552,0.8897893113619116,1.0273701928741623,0.027002326438385817,2.7370192874162314,0.8909701955385073,0.8809692514130516,1.0113522056637214,0.011288252924977843,1.1352205663721415,1.1482939720153809,1.9536690711975098,0.5877627838534236,-0.5314318413035183,-41.223721614657634,0.008640766143798828,0.006124019622802734,1.4109631705987697,0.34427257089910196,41.096317059876974,16826368.0,16203776.0,1.038422649140546,0.03770287830584605,3.842264914054594,397082624.0,488488960.0,0.8128794231091733,-0.20717249149232655,-18.712057689082673
D/C,darkofit,catboost,superconductivity,363705,0,0,0,9.59223384415053,9.263816835145345,1.0354515870563443,0.0348376475556543,3.5451587056344325,9.891468611025106,9.614787242268253,1.0287766501520195,0.028370378046162558,2.8776650152019467,25.193526029586792,181.47694492340088,0.1388249402160735,-1.9745415624969251,-86.11750597839264,0.28482604026794434,0.09570097923278809,2.976208211779302,1.0906500781590225,197.6208211779302,260898816.0,251035648.0,1.039289909933429,0.038537701043441494,3.9289909933428957,718864384.0,860995584.0,0.8349222659892295,-0.18041665308853228,-16.507773401077053
D/C,darkofit,catboost,superconductivity,363705,1,1,4,9.82287412305558,9.526778041971792,1.0310804009266605,0.030607185434292406,3.1080400926660534,9.644280329171766,9.30915472945094,1.0359995734801362,0.035366732138496296,3.599957348013616,22.852584838867188,214.14204692840576,0.10671694404092208,-2.2375753325235275,-89.32830559590779,0.28010010719299316,0.10879802703857422,2.5744962001349894,0.9456538645406428,157.44962001349893,244908032.0,247332864.0,0.9901960784313726,-0.009852296443011594,-0.9803921568627416,712065024.0,805797888.0,0.8836769549835306,-0.12366371867132432,-11.632304501646939
D/C,darkofit,catboost,superconductivity,363705,2,2,8,9.633863542440631,9.30741428638217,1.0350741082339157,0.03447302631239283,3.5074108233915657,9.836917148833717,9.584253852501549,1.026362333492056,0.026020835956957353,2.6362333492055967,27.29179883003235,219.2728612422943,0.12446500983026433,-2.0837306481181193,-87.55349901697357,0.2823982238769531,0.11993598937988281,2.354574513764094,0.8563600375840528,135.45745137640938,238977024.0,318390272.0,0.7505789121597283,-0.2869104873205251,-24.942108784027173,700465152.0,875888640.0,0.799719416386083,-0.2234943423515882,-20.0280583613917
D/C,darkofit,catboost,wine_quality,363708,0,0,0,0.6270785927772522,0.6115196943283081,1.0254430046869283,0.02512471891355011,2.5443004686928283,0.6476104259490967,0.6365933418273926,1.0173063137765135,0.01715826520400087,1.7306313776513482,3.525930166244507,84.04701113700867,0.04195188048384892,-3.1712320202834117,-95.80481195161511,0.06815624237060547,0.04609990119934082,1.478446603950206,0.3909919446431532,47.8446603950206,30638080.0,98402304.0,0.31135531135531136,-1.1668205386946433,-68.86446886446886,438255616.0,585154560.0,0.7489570208595828,-0.2890736791412587,-25.104297914041716
D/C,darkofit,catboost,wine_quality,363708,1,1,4,0.6029829382896423,0.5852235555648804,1.0303463224538525,0.029894981119182505,3.0346322453852492,0.667305588722229,0.6539164185523987,1.0204753540207332,0.020268552090023366,2.0475354020733194,3.454396963119507,82.64552426338196,0.041797750016210604,-3.1749127682635536,-95.82022499837895,0.07265400886535645,0.04184603691101074,1.7362219753297439,0.5517114740373564,73.62219753297438,29360128.0,98402304.0,0.29836829836829837,-1.2094266550083999,-70.16317016317016,416661504.0,583761920.0,0.7137524557956778,-0.3372190773233665,-28.624754420432218
D/C,darkofit,catboost,wine_quality,363708,2,2,8,0.6325269341468811,0.6216203570365906,1.017545398870598,0.017393255393899004,1.7545398870598028,0.639153242111206,0.6285482048988342,1.0168722734862932,0.01673151772024979,1.6872273486293166,3.973590850830078,95.48721504211426,0.04161385216939819,-3.179322182300765,-95.83861478306018,0.10106992721557617,0.05160999298095703,1.9583402627640114,0.6720973097885394,95.83402627640115,31178752.0,110952448.0,0.2810100413467218,-1.2693648759568763,-71.89899586532782,419840000.0,588414976.0,0.7135100517903882,-0.3375587541611338,-28.64899482096118
M/C,chimeraboost,catboost,airfoil_self_noise,363612,0,0,0,1.6287622711166145,1.4745877720958112,1.1045543045577255,0.09944190931287669,10.455430455772552,1.9762911843246271,1.8219964967637527,1.0846844040781276,0.08128907286361689,8.46844040781276,2.1570236682891846,94.65505409240723,0.02278825667547963,-3.7815099338027234,-97.72117433245204,0.024863004684448242,0.04923701286315918,0.5049657409873375,-0.6832646916370236,-49.503425901266255,18366464.0,211419136.0,0.08687228766274023,-2.443316196732885,-91.31277123372598,404668416.0,689455104.0,0.5869394738718187,-0.5328335754212453,-41.306052612818135
M/C,chimeraboost,catboost,airfoil_self_noise,363612,1,1,4,1.7053864667191219,1.5380519662021495,1.108796389324975,0.10327509306740519,10.879638932497503,1.818780849181965,1.7038489937137744,1.0674542496971406,0.06527660777567068,6.7454249697140645,3.9499928951263428,122.42623615264893,0.032264268013608106,-3.4337949145521893,-96.77357319863918,0.02955794334411621,0.07021093368530273,0.4209877549357185,-0.8651515313861282,-57.90122450642815,23724032.0,238370816.0,0.09952574060072857,-2.307338968769727,-90.04742593992714,405356544.0,718913536.0,0.563846031131065,-0.572974059202312,-43.6153968868935
M/C,chimeraboost,catboost,airfoil_self_noise,363612,2,2,8,1.559149757188179,1.4507324102398316,1.0747328357615062,0.07207210581918479,7.473283576150624,1.8447179778502913,1.7476720901084681,1.0555286591180844,0.05404174011013473,5.552865911808436,3.3518378734588623,128.98446393013,0.025986368988396385,-3.6501831481151163,-97.40136310116037,0.032241106033325195,0.060410261154174805,0.5337024773165889,-0.6279167538756286,-46.62975226834111,21643264.0,263962624.0,0.08199366892185464,-2.5011132429686613,-91.80063310781453,406847488.0,740442112.0,0.5494656252074436,-0.5988090635875684,-45.05343747925564
M/C,chimeraboost,catboost,Another-Dataset-on-used-Fiat-500,363615,0,0,0,708.2550003417288,699.1124531364128,1.0130773628252507,0.012992592365560217,1.3077362825250738,754.4115903211676,741.5103212271322,1.0173986372471324,0.017249013959132028,1.739863724713242,0.884368896484375,6.694722890853882,0.13209940290322872,-2.0242005875001916,-86.79005970967712,0.011008977890014648,0.013797760009765625,0.7978815316560686,-0.22579514912443846,-20.211846834393143,13778944.0,32571392.0,0.42303822937625757,-0.8602927272435712,-57.69617706237425,396705792.0,516292608.0,0.7683739527798934,-0.26347874665825977,-23.16260472201066
M/C,chimeraboost,catboost,Another-Dataset-on-used-Fiat-500,363615,1,1,4,764.8504057808215,748.332592830932,1.0220728231111822,0.02183274473335436,2.2072823111182194,749.6541333599826,729.1512185568638,1.0281188788845448,0.027730801285348636,2.8118878884544785,0.9887359142303467,8.361255168914795,0.11825209185173982,-2.1349365616884244,-88.17479081482603,0.010097026824951172,0.014689207077026367,0.6873772540617746,-0.3748720049280025,-31.262274593822536,12582912.0,41271296.0,0.30488289003572844,-1.187827543204938,-69.51171099642715,397246464.0,513687552.0,0.7733231269734954,-0.2570583009560847,-22.667687302650464
M/C,chimeraboost,catboost,Another-Dataset-on-used-Fiat-500,363615,2,2,8,741.3942741923962,739.827361351747,1.002117943891378,0.002115704210003395,0.21179438913780935,756.5288750255498,735.860336448835,1.028087583408094,0.027700361271636904,2.808758340809403,0.6517980098724365,4.748887062072754,0.137252792360142,-1.985930853734668,-86.2747207639858,0.010340213775634766,0.012879133224487305,0.8028656583794591,-0.21956787868350439,-19.71343416205409,11026432.0,23969792.0,0.4600136705399863,-0.7764990713753965,-53.998632946001365,397639680.0,498630656.0,0.7974633633436289,-0.2263193847594127,-20.253663665637113
M/C,chimeraboost,catboost,concrete_compressive_strength,363625,0,0,0,4.647179643839326,4.542078489326441,1.0231394404037415,0.022875783060756643,2.3139440403741496,4.509567277183815,4.338947664842935,1.0393228094736784,0.038569356329628296,3.932280947367839,2.260317802429199,27.918498992919922,0.08096129390775669,-2.5137840915084815,-91.90387060922434,0.013073205947875977,0.017576932907104492,0.7437706007623129,-0.29602262400194385,-25.622939923768705,14860288.0,78004224.0,0.19050619617727368,-1.658070559079382,-80.94938038227262,397246464.0,551813120.0,0.7198931116389549,-0.3286525340497344,-28.010688836104514
M/C,chimeraboost,catboost,concrete_compressive_strength,363625,1,1,4,4.293628219748127,4.20074860530889,1.022110252996777,0.021869365607518128,2.2110252996776936,4.508405131961605,4.304593360698958,1.0473475086226385,0.04626078572296825,4.734750862263848,3.333179235458374,49.91876006126404,0.0667720758962692,-2.7064703113415076,-93.32279241037308,0.018949031829833984,0.028313159942626953,0.6692658773599205,-0.40157387275412887,-33.07341226400795,18300928.0,93782016.0,0.19514325646401118,-1.6340213416071407,-80.48567435359888,405700608.0,569425920.0,0.7124730254639621,-0.3390132265539494,-28.752697453603794
M/C,chimeraboost,catboost,concrete_compressive_strength,363625,2,2,8,4.899766239788061,4.827947956872789,1.0148755296363614,0.014765974073830497,1.4875529636361406,4.130909736687616,3.985771812284294,1.036414007434144,0.03576668508548423,3.6414007434143913,3.95955491065979,111.68046808242798,0.035454318724178,-3.339510207636345,-96.45456812758219,0.026609182357788086,0.046475887298583984,0.572537371623216,-0.5576772677397724,-42.746262837678394,20545536.0,101351424.0,0.20271580989330748,-1.5959502320521488,-79.72841901066926,402833408.0,576831488.0,0.6983554406794104,-0.3590270784976053,-30.164455932058964
M/C,chimeraboost,catboost,diamonds,363631,0,0,0,706.2098115717038,530.3616980101332,1.3315626189095782,0.28635315401287637,33.156261890957815,714.0954920203558,535.3401075264616,1.3339099424473038,0.28811443580475193,33.39099424473038,11.106215953826904,90.31764197349548,0.1229684003163648,-2.095827864613266,-87.70315996836352,0.1982557773590088,0.0950009822845459,2.0868813415549248,0.735670770491602,108.68813415549248,123305984.0,288653312.0,0.4271767510500624,-0.8505574145163585,-57.282324894993764,546177024.0,929431552.0,0.5876463122267663,-0.5316300218815432,-41.235368777323366
M/C,chimeraboost,catboost,diamonds,363631,1,1,4,704.6356243857872,507.7553283310696,1.38774639096716,0.32768112994858545,38.77463909671599,752.9643153611652,535.1087593145967,1.407123883237517,0.34154782204413164,40.7123883237517,10.443809986114502,99.42752003669739,0.10503942954887972,-2.2534194798012797,-89.49605704511202,0.22020912170410156,0.09928512573242188,2.217946747608253,0.7965818794461957,121.7946747608253,115441664.0,328433664.0,0.35149156939040205,-1.0455695526836286,-64.85084306095979,539115520.0,841547776.0,0.6406237831944552,-0.44531291606094514,-35.93762168055448
M/C,chimeraboost,catboost,diamonds,363631,2,2,8,721.4187992620185,538.9615914189844,1.3385347133228152,0.29157551813791655,33.853471332281515,718.235612535748,525.151981591028,1.3676719077775235,0.3131099569397442,36.76719077775235,11.11587405204773,105.3862612247467,0.10547744955428318,-2.249258097214073,-89.45225504457169,0.14923906326293945,0.12149357795715332,1.2283699745477166,0.20568806655356195,22.836997454771655,131383296.0,312377344.0,0.4205916290779398,-0.8660929182464948,-57.940837092206024,545013760.0,828047360.0,0.6581915314602296,-0.41825930876619727,-34.180846853977044
M/C,chimeraboost,catboost,Food_Delivery_Time,363672,0,0,0,7.21052885055542,7.418807029724121,0.971925650804204,-0.028475968389456225,-2.807434919579599,7.213431358337402,7.395001411437988,0.9754469211027129,-0.024859532390425494,-2.4553078897287084,5.457751989364624,72.41603684425354,0.07536662080945838,-2.5853907968212835,-92.46333791905417,0.16130709648132324,0.13572001457214355,1.1885284347326575,0.17271593242266683,18.852843473265747,102137856.0,374996992.0,0.2723698007689619,-1.300594574402664,-72.76301992310381,521043968.0,880164864.0,0.5919845125742261,-0.5242748056325269,-40.80154874257739
M/C,chimeraboost,catboost,Food_Delivery_Time,363672,1,1,4,7.217979907989502,7.3681864738464355,0.9796141742082539,-0.02059648462512389,-2.038582579174608,7.2009453773498535,7.407313823699951,0.9721399077638894,-0.028255546851089327,-2.7860092236110634,6.024537086486816,70.00067400932312,0.08606398683653291,-2.45266422640101,-91.3936013163467,0.15657591819763184,0.164320707321167,0.952867844535273,-0.04827905804438644,-4.713215546472704,99418112.0,393084928.0,0.25291763921307103,-1.3746913799604221,-74.7082360786929,512491520.0,897417216.0,0.5710738671632526,-0.5602367131338885,-42.89261328367474
M/C,chimeraboost,catboost,Food_Delivery_Time,363672,2,2,8,7.222924709320068,7.400493621826172,0.9760058015613442,-0.02428674836402266,-2.39941984386558,7.207897663116455,7.382925033569336,0.9762929503337701,-0.02399258357575163,-2.370704966622994,6.7475152015686035,77.18510007858276,0.087419919060789,-2.4370321154134578,-91.2580080939211,0.16086387634277344,0.1414499282836914,1.1372496140128505,0.12861272806396237,13.724961401285052,106594304.0,402767872.0,0.26465443599235244,-1.3293303190866974,-73.53455640076476,523796480.0,907051008.0,0.5774719121419024,-0.5490954747527237,-42.25280878580976
M/C,chimeraboost,catboost,healthcare_insurance_expenses,363675,0,0,0,4188.530387345144,4110.344471234632,1.0190217429847255,0.018843091583823815,1.9021742984725476,4809.455106934287,4754.0552569285765,1.0116531775529891,0.011585802198929546,1.1653177552989114,0.807579755783081,2.4817023277282715,0.3254136270736114,-1.1226582071588387,-67.45863729263885,0.009956121444702148,0.010401248931884766,0.9572044193829368,-0.04373830596846343,-4.279558061706323,12238848.0,26460160.0,0.46253869969040246,-0.7710250505239397,-53.74613003095976,392871936.0,499679232.0,0.7862482785756443,-0.2404826603808288,-21.375172142435574
M/C,chimeraboost,catboost,healthcare_insurance_expenses,363675,1,1,4,5108.991529493944,5098.499658199951,1.0020578350490068,0.002055720606747707,0.20578350490068065,4286.369700495052,4243.973094654044,1.0099898385063781,0.009940269917782919,0.9989838506378135,0.7037830352783203,2.195931911468506,0.3204940151389635,-1.1378916763091391,-67.95059848610366,0.009654998779296875,0.009714365005493164,0.993888820714198,-0.006129928969414897,-0.611117928580196,11993088.0,25395200.0,0.472258064516129,-0.7502296959519807,-52.7741935483871,394919936.0,491356160.0,0.8037345781927309,-0.21848619093291766,-19.626542180726915
M/C,chimeraboost,catboost,healthcare_insurance_expenses,363675,2,2,8,4689.5953459006205,4629.589420567522,1.0129613924436829,0.0128781124412321,1.2961392443682884,4543.940761936442,4451.249181728748,1.0208237230546808,0.020609873007905552,2.082372305468083,0.7759370803833008,2.4706947803497314,0.3140562268373212,-1.1581832427434553,-68.59437731626787,0.010020971298217773,0.010949134826660156,0.9152295096245971,-0.0885804149684321,-8.477049037540285,10813440.0,27279360.0,0.3963963963963964,-0.925340567394073,-60.36036036036037,397361152.0,500973568.0,0.7931778787977892,-0.23170777128087422,-20.682212120221077
M/C,chimeraboost,catboost,houses,363678,0,0,0,0.21319767255444405,0.21331461661293485,0.9994517766276514,-0.0005483737017268353,-0.054822337234861074,0.21388109159889365,0.2106886766277911,1.0151522854583324,0.015038636173953152,1.515228545833236,12.99910831451416,167.11663699150085,0.07778464519469275,-2.5538112298124225,-92.22153548053072,0.09493803977966309,0.08918285369873047,1.0645324279527348,0.06253566797123473,6.453242795273484,68354048.0,190529536.0,0.3587582767219881,-1.0251064411723803,-64.12417232780119,462553088.0,675823616.0,0.6844287134233558,-0.37917078368962626,-31.557128657664425
M/C,chimeraboost,catboost,houses,363678,1,1,4,0.21070808787985992,0.2106063246544923,1.0004831916873083,0.0004830749877955609,0.04831916873082598,0.21759350209256473,0.21370350501863156,1.0182027761949624,0.01803908905374503,1.8202776194962356,10.727467060089111,173.43752908706665,0.06185205195528276,-2.783010004375728,-93.81479480447172,0.06788301467895508,0.09343099594116211,0.7265577552197368,-0.3194373012379395,-27.344224478026323,69681152.0,174391296.0,0.39956783164223975,-0.9173717368439464,-60.04321683577602,463044608.0,661913600.0,0.6995544554455445,-0.35731163880655004,-30.04455445544555
M/C,chimeraboost,catboost,houses,363678,2,2,8,0.21223559574585832,0.20867992214997869,1.0170388869194813,0.016895353227723564,1.70388869194813,0.21967978129508603,0.21752308328251307,1.009914800673232,0.009865971525942782,0.9914800673231916,11.91831111907959,180.9838559627533,0.06585289641266343,-2.720331866753881,-93.41471035873366,0.0866389274597168,0.09447503089904785,0.9170563548404193,-0.08658635295377663,-8.294364515958074,64569344.0,162660352.0,0.39695809830781625,-0.9239245496894395,-60.30419016921837,460783616.0,651411456.0,0.7073618551774441,-0.3462129262297365,-29.26381448225559
M/C,chimeraboost,catboost,miami_housing,363686,0,0,0,83669.1558619799,81043.44538692867,1.0323988011925604,0.03188502767660345,3.2398801192560445,85886.63206817195,84155.52329064306,1.0205703524835827,0.020361640120943412,2.0570352483582743,7.2917160987854,51.36530900001526,0.14195799150713245,-1.952224099605335,-85.80420084928674,0.0452730655670166,0.042388916015625,1.0680401817854572,0.06582536322488382,6.804018178545723,60342272.0,66502656.0,0.9073663463907367,-0.0972090003938324,-9.263365360926334,451608576.0,594788352.0,0.7592760928848855,-0.2753898089890637,-24.07239071151145
M/C,chimeraboost,catboost,miami_housing,363686,1,1,4,86307.04338387109,83847.26355435576,1.0293364353855237,0.028914357141618316,2.9336435385523663,81953.94998779622,81379.19798475962,1.007062640297146,0.0070378166648873385,0.7062640297146094,8.576706647872925,83.31540203094482,0.10294263051971331,-2.2735834311719074,-89.70573694802867,0.06660294532775879,0.06887292861938477,0.9670409936512112,-0.03351439182013343,-3.295900634878879,67092480.0,132759552.0,0.5053683820807109,-0.6824676461735554,-49.46316179192891,461914112.0,612532224.0,0.7541058150109666,-0.2822225826098354,-24.58941849890334
M/C,chimeraboost,catboost,miami_housing,363686,2,2,8,84651.0236640893,81584.38735030356,1.0375885192422705,0.036899289234779316,3.758851924227047,84287.05181253493,82332.02224807868,1.0237456764825412,0.023468132960147374,2.3745676482541223,7.20519495010376,88.14286804199219,0.08174450310229443,-2.5041567118044132,-91.82554968977055,0.042024850845336914,0.05153989791870117,0.8153848288878404,-0.20409509449997176,-18.461517111215965,59686912.0,106053632.0,0.5627993202533601,-0.5748321615369464,-43.72006797466399,457850880.0,590774272.0,0.7750013866548339,-0.254890460398347,-22.499861334516613
M/C,chimeraboost,catboost,physiochemical_protein,363693,0,0,0,3.4942804186058845,3.5565968046197383,0.982478647584424,-0.01767666821337983,-1.7521352415575953,3.564006396496267,3.592784198810144,0.9919901110889411,-0.008042140407293332,-0.8009888911058916,48.05441617965698,255.6712028980255,0.18795396444715556,-1.6715582160996707,-81.20460355528445,0.3367428779602051,0.19376707077026367,1.7378746379432966,0.5526628941745537,73.78746379432965,174014464.0,172212224.0,1.010465226905147,0.010410845498185302,1.0465226905147063,600457216.0,679313408.0,0.8839178042544981,-0.12339120228011048,-11.608219574550194
M/C,chimeraboost,catboost,physiochemical_protein,363693,1,1,4,3.448489293336257,3.489421664329434,0.9882695830625438,-0.01179976110231325,-1.1730416937456245,3.635053457354382,3.636231379664306,0.999676059582866,-0.0003239928971648511,-0.032394041713401656,34.734163999557495,256.83800077438354,0.135237635765859,-2.000721783062052,-86.4762364234141,0.28998494148254395,0.21567201614379883,1.344564522868823,0.2960701858087003,34.456452286882296,168591360.0,167165952.0,1.0085269038518083,0.008490755152790172,0.8526903851808321,584826880.0,695418880.0,0.8409706679231947,-0.17319849723550723,-15.902933207680526
M/C,chimeraboost,catboost,physiochemical_protein,363693,2,2,8,3.4639025477428005,3.5254285450451763,0.9825479380687355,-0.01760614450154194,-1.7452061931264473,3.583049295137241,3.5931695088431046,0.9971834855881535,-0.0028204882519016943,-0.28165144118464935,37.446215867996216,258.5022509098053,0.1448583744868886,-1.9319987415474962,-85.51416255131114,0.30299997329711914,0.1859889030456543,1.629129310057506,0.48804570649250467,62.91293100575059,171704320.0,153976832.0,1.1151308789104064,0.10897177821227208,11.513087891040641,594051072.0,669286400.0,0.8875887392900856,-0.11924677469853547,-11.241126070991436
M/C,chimeraboost,catboost,QSAR-TID-11,363697,0,0,0,0.8529665594664211,0.8479125899121617,1.005960484151772,0.005942790738836813,0.5960484151771972,0.7648488587408199,0.7523881960460376,1.016561480842291,0.016425835132104747,1.656148084229092,50.970860958099365,270.92320370674133,0.18813767245005847,-1.6705812838869292,-81.18623275499415,0.20394110679626465,0.17252683639526367,1.1820833851553971,0.1672784623124162,18.20833851553971,226885632.0,343998464.0,0.6595542008001524,-0.4161911255161453,-34.04457991998476,660193280.0,875216896.0,0.7543196241037833,-0.28193909614944523,-24.56803758962167
M/C,chimeraboost,catboost,QSAR-TID-11,363697,1,1,4,0.7584517380592313,0.7569452067545476,1.0019902778843703,0.0019882999053922167,0.19902778843703395,0.8117666376786654,0.812650241314546,0.9989126888900552,-0.0010879026615089277,-0.10873111099447552,51.96609902381897,254.0586850643158,0.20454368253800723,-1.5869737197670872,-79.54563174619928,0.18956327438354492,0.15893125534057617,1.1927375391160595,0.17625111817112687,19.27375391160595,250626048.0,276414464.0,0.9067038112737834,-0.09793944088270942,-9.329618872621658,683982848.0,814366720.0,0.8398953827582738,-0.17447793923645583,-16.01046172417262
M/C,chimeraboost,catboost,QSAR-TID-11,363697,2,2,8,0.8177095668452822,0.8129106746527611,1.0059033450318153,0.005885988564511536,0.5903345031815332,0.7877107240075818,0.7754497717396546,1.015811407411238,0.015687709299544,1.5811407411238099,55.69081497192383,285.6826548576355,0.19493943375622955,-1.6350663647852555,-80.50605662437704,0.20001983642578125,0.16703581809997559,1.1974667391760478,0.18020827469886308,19.746673917604785,242827264.0,299630592.0,0.8104221347331584,-0.21020001307767686,-18.95778652668416,680902656.0,822378496.0,0.8279674861537235,-0.18878139329816834,-17.20325138462765
M/C,chimeraboost,catboost,QSAR_fish_toxicity,363698,0,0,0,0.9206281315312792,0.9175828088788084,1.0033188532119426,0.003313357973856979,0.3318853211942585,0.8592073936322523,0.8391131131749131,1.0239470461631917,0.023664812548908506,2.3947046163191654,0.7217810153961182,2.39870285987854,0.3009047212428246,-1.2009616050643632,-69.90952787571754,0.005957126617431641,0.006627082824707031,0.898906317455749,-0.10657645744244346,-10.1093682544251,12075008.0,18022400.0,0.67,-0.40047756659712525,-32.99999999999999,396476416.0,499777536.0,0.7933057959611854,-0.2315465125604618,-20.669420403881457
M/C,chimeraboost,catboost,QSAR_fish_toxicity,363698,1,1,4,0.8689565656862198,0.8717139289041058,0.9968368485044715,-0.0031681648339777616,-0.31631514955284823,0.9033997147406582,0.8835282046938753,1.0224910873713058,0.02224189238955038,2.2491087371305785,1.0969221591949463,2.6027297973632812,0.4214506478183763,-0.8640525954218385,-57.85493521816236,0.005172014236450195,0.007091045379638672,0.7293726043978213,-0.31557056040556736,-27.062739560217874,15187968.0,22315008.0,0.6806167400881057,-0.3847559211436026,-31.93832599118943,400556032.0,503595008.0,0.7953931743501318,-0.22891872765078367,-20.460682564986822
M/C,chimeraboost,catboost,QSAR_fish_toxicity,363698,2,2,8,0.9149264055099425,0.8897893113619116,1.0282506137431073,0.02785892500943134,2.8250613743107333,0.8834268733148077,0.8809692514130516,1.0027896795464928,0.0027857956121181866,0.2789679546492785,0.9497816562652588,1.9536690711975098,0.48615278312364646,-0.7212323359179139,-51.38472168763535,0.0056498050689697266,0.006124019622802734,0.9225648213034338,-0.08059763854047235,-7.743517869656625,13418496.0,16203776.0,0.8281092012133469,-0.18861024776964264,-17.189079878665314,395362304.0,488488960.0,0.8093577058527587,-0.21151430160868506,-19.06422941472413
M/C,chimeraboost,catboost,superconductivity,363705,0,0,0,9.33409752112856,9.263816835145345,1.0075865798335502,0.007557946465133229,0.7586579833550156,9.621055178756382,9.614787242268253,1.0006519058955954,0.00065169349725117,0.06519058955953838,27.95385503768921,181.47694492340088,0.15403529660193574,-1.870573504116652,-84.59647033980643,0.12950897216796875,0.09570097923278809,1.3532669488464097,0.3025216311658701,35.32669488464097,301629440.0,251035648.0,1.2015402688944001,0.18360429115035726,20.15402688944001,768475136.0,860995584.0,0.89254248254077,-0.11368116697570593,-10.745751745923005
M/C,chimeraboost,catboost,superconductivity,363705,1,1,4,9.529207297986709,9.526778041971792,1.0002549924018609,0.00025495989682395816,0.025499240186088734,9.36095328342487,9.30915472945094,1.0055642596432581,0.005548836336972668,0.5564259643258129,26.37671399116516,214.14204692840576,0.12317391362184794,-2.094157990385217,-87.6826086378152,0.17740988731384277,0.10879802703857422,1.6306351516001507,0.4889696024779174,63.06351516001507,276987904.0,247332864.0,1.1198993110757816,0.11323878044048674,11.989931107578155,742014976.0,805797888.0,0.9208450246024968,-0.08246352550393556,-7.915497539750316
M/C,chimeraboost,catboost,superconductivity,363705,2,2,8,9.348542086787228,9.30741428638217,1.004418821290166,0.004409086964996146,0.44188212901659085,9.596840201299937,9.584253852501549,1.0013132319940694,0.0013123704591153091,0.13132319940694082,29.750055074691772,219.2728612422943,0.13567595600359436,-1.9974859127807707,-86.43240439964056,0.15064001083374023,0.11993598937988281,1.256003403253765,0.22793477763928266,25.600340325376504,327663616.0,318390272.0,1.0291257139916636,0.02870962042138292,2.9125713991663638,785334272.0,875888640.0,0.8966142910587355,-0.10912950821903697,-10.338570894126454
M/C,chimeraboost,catboost,wine_quality,363708,0,0,0,0.6128178238868713,0.6115196943283081,1.002122792725407,0.002120542784472401,0.21227927254070522,0.641016960144043,0.6365933418273926,1.0069488919000504,0.006924859618318186,0.6948891900050436,6.054813861846924,84.04701113700867,0.07204079930905229,-2.630522663385403,-92.79592006909478,0.03346395492553711,0.04609990119934082,0.725900794902693,-0.3203419196338166,-27.4099205097307,42663936.0,98402304.0,0.43356643356643354,-0.8357102452148157,-56.64335664335665,433471488.0,585154560.0,0.7407811843763125,-0.3000499950327824,-25.921881562368753
M/C,chimeraboost,catboost,wine_quality,363708,1,1,4,0.5934774875640869,0.5852235555648804,1.0141038957176622,0.014005361180216981,1.410389571766224,0.6557341814041138,0.6539164185523987,1.0027798091623683,0.0027759526381597914,0.27798091623683074,5.0484137535095215,82.64552426338196,0.061085144035396235,-2.7954865841785583,-93.89148559646038,0.0322422981262207,0.04184603691101074,0.7704982480129904,-0.26071789805584267,-22.95017519870096,43565056.0,98402304.0,0.4427239427239427,-0.8148088573002558,-55.727605727605734,432160768.0,583761920.0,0.7403031153522313,-0.3006955613125303,-25.969688464776873
M/C,chimeraboost,catboost,wine_quality,363708,2,2,8,0.6191759705543518,0.6216203570365906,0.9960677180942211,-0.003940033654318933,-0.3932281905778878,0.6312447190284729,0.6285482048988342,1.0042900673466606,0.00428089124245019,0.42900673466605976,6.253556966781616,95.48721504211426,0.06549103944463674,-2.725841948071187,-93.45089605553632,0.039459228515625,0.05160999298095703,0.7645656632851044,-0.2684473668042041,-23.543433671489556,44744704.0,110952448.0,0.40327820437093914,-0.908128621779321,-59.672179562906095,434601984.0,588414976.0,0.7385977613187058,-0.3030018075475449,-26.140223868129418
